Tipo_de_sangre,Nombres,Genero,Cuerpo,Distrito,DENUNCIADO,Estatura,Edad,Fecha
O+,Heather Margrie,Female,normalmedium,G.T.B. ENCLAVE/NORTH EAST,true,1.85,61,15/08/2019
B-,Griff Titcombe,Male,thin,PUNJABI BAGH/WEST,false,1.75,66,21/09/2021
B+,Vaclav Ovell,Male,thin,NEW ASHOK NAGAR/EAST,false,1.79,16,29/01/2020
A-,Karmen Valett,Male,thin,KALYANPURI,true,1.9,38,10/11/2020
O-,Ingram Rostern,Male,thin,WELCOME/NORT EAST,false,1.85,83,01/02/2018
A+,Abigale Alsop,Male,thin,JAIT PUR/SOUTH- EAST,false,1.8,27,27/01/2018
AB-,Edeline Millsom,Male,thin,JYOTI NAGAR/NORTH EAST,false,1.81,74,05/03/2020
B+,Odelia Bendix,Male,thin,YAMUNA VHR/GOKULPURI/ EAST,true,1.66,88,26/05/2020
O-,Halimeda Brooker,Male,normalmedium,YAMUNA VHR/GOKULPURI/ EAST,false,1.81,45,07/12/2021
O-,Lynna Stolle,Male,thin,RANI BAGH/NORTH WEST,false,1.74,49,18/12/2020
B-,Rollin Dancey,Male,thin,SEEMAPURI/NOR EAST,true,1.79,32,20/04/2019
A+,Davy Dalgardno,Male,normalmedium,UTTAM NAGAR/WEST,true,1.65,72,15/04/2020
O-,Pieter Finney,Male,strong,RANHOLA/WEST,false,1.82,23,29/10/2018
A+,Harman Fantonetti,Male,thin,AMAR COLONY/SOUTH- EAST,false,1.72,85,17/10/2020
AB+,Maura Ropars,Female,thin,SARAI ROHILLA/NORTH,true,1.95,24,06/09/2021
A-,Natasha Shakelady,Female,normalmedium,SHAHBAD DAIRY/OUTER DISTRICT,false,1.72,86,19/05/2019
A+,Winnah Costa,Female,normalmedium,SUBHASH PLACE/NORTH WEST,false,1.87,26,04/06/2018
O-,Dara Harmes,Male,thin,MEHRAULI,false,1.61,72,08/08/2021
O-,Sharyl Schruurs,Female,normalmedium,DARYA GANJ/CENTRAL,true,1.79,44,29/03/2019
O-,Georgy Douglass,Male,strong,SADAR BAZAR/NORTH,true,1.89,41,21/12/2021
B-,Alla Boar,Male,thin,NARELA/OUTER DISTRICT,true,1.63,12,25/11/2020
B-,Ronda Bartalini,Male,normalmedium,FATEHPUR BERI/SOUTH,true,1.94,6,22/05/2019
O+,Artemus Orrobin,Female,thin,UTTAM NAGAR/WEST,true,1.61,89,28/05/2019
O+,Orazio Pleming,Male,thin,MAURYA ENCLAVE/NORTH WEST,true,1.75,45,19/03/2018
B-,Corabella Pheasey,Female,fat,SHAHBAD DAIRY/OUTER DISTRICT,false,1.76,54,13/10/2021
O-,Viki Channer,Female,normalmedium,SHAHBAD DAIRY/OUTER DISTRICT,true,1.77,60,19/02/2020
A-,Bunnie Baptista,Male,normalmedium,NARELA/OUTER DISTRICT,true,1.74,32,26/10/2019
A-,Ulla Danovich,Male,normalmedium,NARELA/OUTER DISTRICT,false,1.71,2,20/05/2019
AB+,Alric Quibell,Female,normalmedium,VIJAY VIHAR/OUTER DISTRICT,false,1.66,77,10/03/2019
O-,Homer Titterton,Female,normalmedium,NAND NAGRI/NORTH EAST,true,1.96,73,05/02/2021
AB+,Cris Bottrell,Female,thin,SHAHBAD DAIRY/OUTER DISTRICT,false,1.71,63,23/05/2021
AB+,Joan Slaten,Female,thin,KALYANPURI,true,1.74,8,05/03/2020
AB-,Chet Reddell,Female,normalmedium,JAIT PUR/SOUTH- EAST,false,1.75,84,03/01/2021
O+,Osmund McComiskey,Female,normalmedium,JAIT PUR/SOUTH- EAST,true,1.77,44,26/07/2021
A+,Sharia Baldry,Female,normalmedium,SAGAR PUR/SOUTH WEST,false,1.61,55,04/02/2021
AB-,Devondra Clampett,Female,thin,SHAKARPUR,true,1.7,77,16/01/2018
O+,Griswold Carolan,Female,normalmedium,VIVEK VIHAR/EAST,false,1.81,64,03/11/2019
AB-,Stevena Partleton,Female,thin,MAHENDRA PARK/NORTH WEST,true,1.73,13,15/03/2019
B-,Jonis Weald,Female,normalmedium,SUBHASH PLACE/NORTH WEST,true,1.82,29,03/06/2020
B-,Curran Pirie,Female,normalmedium,GANDHI NAGAR/EAST,true,1.84,46,12/06/2018
O+,Nico Lassetter,Male,thin,NAND NAGRI/NORTH EAST,false,1.73,68,18/04/2019
A-,Andee Fowlston,Male,normalmedium,NAND NAGRI/NORTH EAST,true,1.76,86,23/12/2020
O-,Karalee Bewley,Male,normalmedium,SUBHASH PLACE/NORTH WEST,false,1.65,80,24/07/2018
AB-,Cinnamon Juris,Male,thin,SEEMAPURI/NOR EAST,false,1.71,86,07/10/2019
AB+,Othella Dulieu,Male,thin,NEB SARAI/SOUTH,false,1.85,3,27/01/2020
O+,Caresa Skedge,Male,normalmedium,KHAJURI KHAS/NORTH EAST,true,1.78,41,26/03/2018
B+,Car Robbeke,Female,thin,KRISHNA NAGAR/EAST,false,1.93,63,04/06/2021
B-,Kurt Banasiak,Female,thin,FARSH BAZAR/EAST,true,1.87,43,29/07/2019
AB-,Shaun Clemmen,Female,normalmedium,KHAJURI KHAS/NORTH EAST,false,1.95,35,01/05/2020
AB+,Benedicto Wye,Female,normalmedium,SANGAM VIHAR/SOUTH- EAST,false,1.93,16,11/09/2019
B-,Jed Feveryear,Female,normalmedium,KALYANPURI,true,1.64,66,26/11/2018
AB+,Wandis Percy,Female,thin,NEW ASHOK NAGAR/EAST,false,1.92,47,04/04/2019
AB-,Karie Rentenbeck,Female,thin,FARSH BAZAR/EAST,true,1.93,60,03/11/2021
AB+,Karlene Wickmann,Female,thin,TILAK MARG/NEW DELHI,true,1.68,44,20/07/2021
AB+,Zak Woodger,Female,normalmedium,FATEHPUR BERI/SOUTH,false,1.64,10,30/06/2019
A+,Merilyn Shervington,Female,normalmedium,WELCOME/NORT EAST,true,1.63,9,10/08/2020
A-,Candie Scougal,Female,thin,VIJAY VIHAR/OUTER DISTRICT,false,1.94,55,10/09/2021
AB+,Daron Hartil,Female,normalmedium,DABRI/SOUTH WEST,false,1.65,13,09/07/2019
A-,Marley Borless,Female,normalmedium,NIHAL VIHAR/WEST,true,1.83,89,28/01/2019
O-,Matilda Gostyke,Female,normalmedium,SEELAMPUR/NOR EAST,true,1.77,31,06/04/2018
AB-,Conrado Kilkenny,Female,normalmedium,JAFRABAD/NORT EAST,true,1.71,61,15/11/2021
A+,Lela Gagg,Female,normalmedium,JAFRABAD/NORT EAST,true,1.8,39,24/07/2018
B-,Kissiah Ambrosoni,Female,normalmedium,NEW USMANPUR/NOR EAST,false,1.73,3,09/05/2019
A+,Lillian Cordero,Male,normalmedium,NEW USMANPUR/NOR EAST,false,1.69,49,26/02/2021
B+,Toiboid Heistermann,Female,normalmedium,JAFRABAD/NORT EAST,true,1.63,42,07/10/2019
A-,Louella Eric,Female,normalmedium,JAIT PUR/SOUTH- EAST,true,1.64,2,02/02/2020
A-,Shandra Kiellor,Female,thin,NORTH ROHINI/OUTER DISTRICT,true,1.62,4,02/04/2021
O+,Dorene Bevis,Female,strong,JAIT PUR/SOUTH- EAST,true,1.91,1,07/11/2019
A+,Lesly Losselyong,Female,thin,BAWANA/OUTER DISTRICT,false,1.81,67,02/02/2019
O+,Simona Sybry,Female,strong,SAMAIPUR BADLI/OUTER DISTRICT,false,1.91,57,07/09/2020
A-,Leilah Palphreyman,Female,normalmedium,ANAND PARBAT,true,1.76,48,10/07/2018
AB+,Lilia Allmen,Female,thin,JAFRABAD/NORT EAST,true,1.62,34,05/01/2018
A-,Moises Graalmans,Female,normalmedium,ANAND PARBAT,true,1.9,17,14/11/2019
B+,Levy Brack,Female,thin,MAURICE NAGAR/NORTH,false,1.94,86,31/12/2018
B+,Cash Dorking,Male,thin,DWARKA NORTH/SOUTH WEST,true,1.67,70,30/03/2018
B-,Quintina O' Meara,Male,normalmedium,DHAULA KUAN/SOUTH WEST,false,1.67,58,07/09/2021
A+,Sonnie Stuckford,Male,normalmedium,SAGAR PUR/SOUTH WEST,false,1.74,19,15/07/2018
AB+,Augustine Schiementz,Female,normalmedium,NARELA/OUTER DISTRICT,false,1.67,55,19/09/2021
O-,Eveline Hayball,Female,thin,NORTH ROHINI/OUTER DISTRICT,true,1.69,61,20/10/2020
O+,Eloisa Kilty,Female,normalmedium,RAJOURI GARDEN/WEST,false,1.77,29,17/09/2020
AB-,Stacie Harlowe,Female,normalmedium,KHYALA/WEST,false,1.8,61,15/04/2020
A-,Victoria Burridge,Female,thin,SAMAIPUR BADLI/OUTER DISTRICT,true,1.75,80,09/10/2018
B-,Max Rossoni,Female,thin,KALYANPURI,true,1.79,45,15/01/2020
B+,Dougy Keeffe,Female,thin,MAYA PURI/WEST,true,1.66,18,19/11/2020
AB-,Minnaminnie Ahren,Female,thin,NEW ASHOK NAGAR/EAST,false,1.89,76,30/06/2019
A+,Lynne Towe,Female,strong,KHAJURI KHAS/NORTH EAST,false,1.62,76,20/08/2018
AB-,Billie Screech,Female,normalmedium,MUNDKA/WEST,false,1.63,74,18/01/2018
O+,Currie Hasslocher,Female,normalmedium,DABRI/SOUTH WEST,true,1.96,82,30/01/2019
O+,Paul Scarr,Female,normalmedium,BURARI/NORTH,false,1.62,8,10/04/2020
B-,Finley Klesl,Female,thin,MAYUR VIHAR PH- I/EAST,true,1.66,68,22/02/2020
B-,Rozalie Petroff,Female,thin,KALYANPURI,false,1.78,40,11/05/2018
O+,Matthias Beverstock,Female,normalmedium,NARELA/OUTER DISTRICT,true,1.65,55,15/04/2019
O+,Lucais Kembery,Female,thin,JAIT PUR/SOUTH- EAST,true,1.89,13,24/02/2018
O+,Fawnia Kinny,Female,thin,JAIT PUR/SOUTH- EAST,false,1.86,70,26/02/2019
B-,Eleonore Trevains,Female,strong,KHYALA/WEST,true,1.89,7,03/11/2021
O+,Aubrie Siemon,Female,thin,BINDA PUR/SOUTH WEST,true,1.83,20,09/11/2021
AB-,Gusella Esland,Female,normalmedium,LAHORI GATE/NORTH,false,1.78,35,14/06/2018
O+,Lyn Brittan,Female,strong,SOUTH ROHINI/OUTER DISTRICT,false,1.91,82,15/05/2019
O+,Karim Somerville,Female,normalmedium,NEW USMANPUR/NOR EAST,false,1.64,48,18/11/2021
AB-,Terrijo Siddle,Female,thin,MAYA PURI/WEST,true,1.8,43,27/12/2020
AB-,Ulric Bowdery,Female,normalmedium,KALYANPURI,true,1.96,77,02/06/2019
O-,Aurelea Millom,Female,normalmedium,MIANWALI NAGAR/WEST,false,1.76,63,03/05/2019
A+,Linn Galiford,Female,thin,NEW USMANPUR/NOR EAST,false,1.94,13,31/10/2018
AB-,Niles Deeley,Female,normalmedium,FATEHPUR BERI/SOUTH,true,1.64,39,18/01/2018
B-,Keelia Alldre,Female,normalmedium,BURARI/NORTH,false,1.73,40,29/10/2018
AB+,Waly Carmichael,Female,strong,SEELAMPUR/NOR EAST,true,1.92,10,18/07/2018
AB+,Marsha Dobinson,Female,normalmedium,GANDHI NAGAR/EAST,true,1.86,74,03/07/2020
B+,Malva Aujouanet,Female,strong,OKHLA INDUSTRIAL AREA/SOUTH- EAST,true,1.62,6,12/05/2020
O-,Gilligan Goldstraw,Male,normalmedium,SAGAR PUR/SOUTH WEST,false,1.64,64,09/12/2018
AB+,Andie Durston,Male,thin,SHAKARPUR,true,1.87,84,27/05/2021
AB+,Melessa Rennolds,Female,normalmedium,NARELA/OUTER DISTRICT,false,1.64,39,14/07/2021
B-,Janeen Battershall,Female,normalmedium,NAND NAGRI/NORTH EAST,true,1.87,41,13/08/2018
O+,Kaye Pirazzi,Female,normalmedium,SUBZI MANDI/NORTH,false,1.67,13,05/02/2019
A+,Annadiane Drews,Female,normalmedium,PASCHIM VIHAR/WEST,true,1.84,1,28/01/2020
B-,Allyson Beckitt,Female,normalmedium,VIVEK VIHAR/EAST,false,1.64,8,13/01/2018
AB-,Isis Rysom,Female,normalmedium,INDER PURI/SOUTH WEST,false,1.95,7,01/08/2018
O+,Sharai Lestor,Female,thin,RANJIT NAGAR,false,1.63,24,21/12/2019
AB-,Kora Burne,Female,normalmedium,VASANT KUNJ SOUTH/SOUTH,true,1.92,30,04/12/2018
AB-,Eustacia Sive,Female,normalmedium,KALYANPURI,true,1.74,72,09/04/2018
B+,Haskel Wakeman,Female,normalmedium,GHAZIPUR/EAST,false,1.71,72,28/06/2020
AB+,Sharline Aikman,Female,normalmedium,GULABI BAGH/NORTH,false,1.72,53,16/07/2019
B+,Madelle Kennham,Female,normalmedium,GREATER KAILASH/SOUTH- EAST,true,1.96,13,07/05/2018
B-,Daniele Khilkov,Female,thin,MEHRAULI,false,1.65,29,15/11/2018
O+,Artemas Buckleigh,Female,strong,GANDHI NAGAR/EAST,true,1.79,54,22/05/2019
B-,Tonnie Argontt,Female,normalmedium,KALYANPURI,true,1.7,74,05/08/2021
AB-,Tabbie Grady,Female,normalmedium,AMBEDKAR NAGAR/SOUTH- EAST,false,1.67,83,17/12/2020
AB-,Kienan Oatley,Female,thin,BHALSWA DAIRY/NORTH WEST,false,1.96,1,20/11/2019
AB+,Kerr Brettell,Female,thin,R. K. PURAM/SOUTH,true,1.68,74,03/04/2021
A+,Casie Scorey,Female,thin,MEHRAULI,false,1.73,6,12/06/2021
A-,Kristine Du Barry,Female,normalmedium,GHAZIPUR/EAST,true,1.85,57,10/10/2020
B-,Hamid Saunt,Female,normalmedium,MANSAROVAR PARK/NORTH EAST,false,1.7,77,09/12/2019
O+,Ebba Carbry,Female,strong,KALYANPURI,false,1.86,27,02/04/2019
O-,Sandy Redmayne,Female,fat,NAND NAGRI/NORTH EAST,false,1.62,10,20/08/2019
B+,Benetta Stanesby,Female,normalmedium,NEW ASHOK NAGAR/EAST,true,1.77,29,22/04/2021
A-,Lemmy Ades,Female,strong,KHYALA/WEST,false,1.68,79,07/04/2020
B+,Marisa Checklin,Female,normalmedium,OKHLA INDUSTRIAL AREA/SOUTH- EAST,true,1.72,29,14/09/2021
A-,Marci Firsby,Female,normalmedium,KAROL BAGH/CENTRAL,false,1.66,19,03/02/2020
O-,Janey Bedboro,Female,strong,VASANT VIHAR/SOUTH,true,1.89,85,29/07/2020
O-,Gib Philpotts,Female,thin,SARITA VIHAR/SOUTH- EAST,true,1.68,12,25/07/2019
O-,Elmore Guterson,Female,normalmedium,GHAZIPUR/EAST,false,1.86,37,05/04/2021
B+,Nicoline Celez,Female,normalmedium,JAIT PUR/SOUTH- EAST,false,1.91,15,29/10/2018
O+,Marley Ludford,Male,strong,BURARI/NORTH,true,1.76,64,25/11/2021
AB+,Richardo Heinle,Male,normalmedium,GULABI BAGH/NORTH,true,1.9,7,10/11/2020
AB+,Ermengarde Gumn,Male,normalmedium,RANI BAGH/NORTH WEST,true,1.71,83,02/11/2019
AB+,Meagan Drewson,Female,thin,SADAR BAZAR/NORTH,false,1.63,74,29/03/2020
O-,Glyn Crichten,Female,thin,SHAHDARA/NOR EAST,false,1.84,43,03/04/2020
B+,Norina Tarren,Female,thin,KARAWAL NAGAR/NORTH EAST,false,1.84,65,15/05/2021
A-,Alicia Vardon,Female,thin,ANAND PARBAT/WEST,true,1.91,56,22/01/2019
AB-,Wendie Doughton,Female,normalmedium,TUGHLAK ROAD/NEW DELHI,false,1.94,24,09/01/2020
A-,Curcio Grevatt,Female,normalmedium,BHALSWA DAIRY/NORTH WEST,true,1.85,30,13/11/2020
O-,Grazia Sainer,Female,normalmedium,LAHORI GATE/NORTH,true,1.71,51,29/06/2020
O+,Des Ostrich,Female,thin,KALYANPURI,false,1.94,49,14/10/2018
A-,Shellie Fasey,Female,thin,SADAR BAZAR/NORTH,false,1.92,43,07/06/2018
O-,Chaddy McGavin,Female,strong,GANDHI NAGAR/EAST,true,1.73,23,02/06/2018
A-,Mikaela Rickword,Female,strong,INDER PURI/SOUTH WEST,false,1.86,58,20/11/2021
B+,Sofia Coakley,Female,normalmedium,SEEMAPURI/NOR EAST,false,1.8,24,09/03/2021
B-,Mariya Vanelli,Female,normalmedium,SEEMAPURI/NOR EAST,true,1.62,27,22/01/2020
A+,Dix Keelinge,Female,normalmedium,OLD DELHI (DELHI MAIN) RLY. STN./RAILWAYS METRO,false,1.91,54,30/09/2021
A+,Jobye Jacobowitz,Male,thin,DABRI/SOUTH WEST,false,1.91,48,09/08/2020
B-,Adelaida Mazdon,Male,thin,SAGAR PUR/SOUTH WEST,true,1.69,45,27/06/2019
AB-,Ruperta Pipe,Male,strong,ROOP NAGAR/NORTH,false,1.79,5,08/05/2021
B+,Gustavus Beamont,Male,thin,GANDHI NAGAR/EAST,false,1.63,46,02/08/2018
AB+,Dar Leathlay,Male,thin,GANDHI NAGAR/EAST,true,1.76,31,09/08/2020
AB+,Erminie Marfield,Male,normalmedium,BARAKHAMBA ROAD/NEW DELHI,true,1.81,11,12/01/2021
O-,Alexander Lindborg,Male,thin,SUBHASH PLACE/NORTH WEST,true,1.73,18,10/06/2021
O+,Cecily Jeannequin,Male,normalmedium,DELHI CANTT/SOUTH WEST,false,1.81,32,04/07/2018
O+,Starlene Kisting,Male,thin,ADARSH NAGAR/NORTH WEST,true,1.76,50,06/06/2020
A-,Carma Ragat,Female,thin,AMAN VIHAR/OUTER DISTRICT,true,1.91,37,17/02/2018
A-,Harwell Goldsmith,Female,normalmedium,KAPASHERA/SOU WEST,true,1.64,63,09/09/2018
AB+,Keslie Vazquez,Female,normalmedium,ALIPUR/OUTER DISTRICT,false,1.89,14,26/06/2018
A+,Randi Habert,Female,strong,SULTANPURI/OUT DISTRICT,true,1.83,53,26/06/2019
AB+,Whittaker Drohane,Female,thin,ADARSH NAGAR/NORTH WEST,false,1.78,54,25/04/2018
O-,Renaud Skinn,Female,thin,SHAHBAD DAIRY/OUTER DISTRICT,false,1.68,16,17/12/2018
AB-,Terrijo Sherwill,Female,normalmedium,SHAHBAD DAIRY/OUTER DISTRICT,true,1.84,72,18/12/2018
A-,Cody Diloway,Female,thin,MUNDKA/WEST,true,1.64,31,03/03/2019
O-,Terra Doleman,Male,strong,JAIT PUR/SOUTH- EAST,false,1.92,70,28/11/2018
B+,Lotti Jandera,Male,thin,TILAK MARG/NEW DELHI,true,1.74,74,05/10/2019
AB-,Englebert Baines,Male,thin,GHAZIPUR/EAST,true,1.86,21,07/12/2019
AB-,Dannie Shellsheere,Male,thin,WELCOME/NORT EAST,true,1.62,15,13/02/2021
O-,Aimee Clemits,Female,thin,KARAWAL NAGAR/NORTH EAST,false,1.75,85,19/12/2019
A-,Sonny Woollacott,Male,thin,PRASAD NAGAR,false,1.92,88,07/02/2019
B+,Niki Minihan,Female,thin,SWAROOP NAGAR/NORTH WEST,false,1.63,37,19/05/2021
A-,Abbe Huskisson,Female,normalmedium,AMAN VIHAR/OUTER DISTRICT,false,1.64,1,24/07/2019
A+,Neville Ewbanck,Male,normalmedium,BINDA PUR/WEST,true,1.71,86,02/05/2018
A-,Nichole Ben,Male,normalmedium,SAGAR PUR/SOUTH WEST,false,1.9,48,23/05/2019
B-,Madlin Roddie,Female,normalmedium,AMAN VIHAR/OUTER DISTRICT,false,1.84,17,06/10/2020
O+,Milli Airlie,Male,normalmedium,PRASAD NAGAR,false,1.96,33,18/04/2019
AB-,Patric Hassur,Female,normalmedium,RANHOLA/WEST,false,1.85,39,21/12/2018
A+,Katleen Christley,Female,strong,SWAROOP NAGAR/NORTH WEST,true,1.66,21,30/01/2018
B+,Nels MacMeeking,Female,strong,MAHENDRA PARK/NORTH WEST,true,1.75,54,22/02/2020
O+,Cullen D'Almeida,Female,strong,SHAHBAD DAIRY/OUTER DISTRICT,false,1.82,3,19/04/2019
O-,Adella McCard,Male,thin,TILAK NAGAR/WEST,false,1.64,64,21/03/2020
AB+,Rafaelita Gammack,Female,thin,NARELA/OUTER DISTRICT,true,1.93,21,26/06/2021
B-,Tucky Leishman,Female,normalmedium,KAPASHERA/SOU WEST,false,1.74,73,17/08/2018
B-,Ladonna Dymock,Female,normalmedium,RAJINDER NAGAR,false,1.94,81,30/08/2018
O-,Avie Dutnall,Male,normalmedium,DELHI CANTT/SOUTH WEST,true,1.78,6,12/05/2018
B+,Darbie Blampied,Female,thin,ALIPUR/OUTER DISTRICT,true,1.7,47,27/09/2021
O+,Jocelin Rielly,Male,thin,KARAWAL NAGAR/NORTH EAST,true,1.72,71,04/04/2019
AB-,Aurlie Tate,Female,normalmedium,KANJHAWALA/O DISTRICT,false,1.76,85,04/07/2021
O+,Caressa Ridout,Male,normalmedium,JAMIA NAGAR/SOUTH- EAST,false,1.92,67,25/03/2018
B+,Suzann Ferrieres,Male,thin,KASHMERI GATE/NORTH,true,1.62,17,25/02/2021
B+,Michaella Priddy,Female,normalmedium,WELCOME/NORT EAST,false,1.77,6,07/06/2021
AB+,Linzy Phython,Female,thin,SWAROOP NAGAR/NORTH WEST,true,1.93,26,28/11/2020
A-,Jo-anne Castiglione,Female,thin,ADARSH NAGAR/NORTH WEST,false,1.73,14,05/05/2020
AB-,Leyla De Micoli,Female,normalmedium,BEGUM PUR/OUTER DISTRICT,false,1.88,68,19/05/2019
AB-,Bondie Astman,Female,normalmedium,GHAZIPUR/EAST,true,1.73,64,23/09/2020
A-,Bekki Milkin,Female,strong,FATEHPUR BERI/SOUTH,true,1.79,57,07/10/2018
AB+,Myrlene Sherborn,Female,thin,VASANT KUNJ SOUTH/SOUTH,false,1.69,72,23/04/2019
AB+,L;urette Gridon,Female,thin,NANGLOI/OUTER DISTRICT,false,1.78,48,07/09/2019
O-,Elna McCullouch,Male,normalmedium,JYOTI NAGAR/NORTH EAST,true,1.65,64,08/06/2021
O-,Lee Vail,Male,normalmedium,CRIME RAILWAY/RAILWA METRO,false,1.64,58,22/01/2021
B+,Giraldo Renault,Male,normalmedium,KALKAJI/SOUTH- EAST,false,1.69,31,26/03/2018
A-,Fredrick Cropp,Female,normalmedium,SAMAIPUR BADLI/OUTER DISTRICT,false,1.63,11,04/12/2019
O+,Carlye Reignolds,Female,thin,UTTAM NAGAR/WEST,false,1.88,87,09/05/2020
A+,Halsy Bartocci,Female,strong,NARAINA/SOUTH WEST,false,1.67,23,10/05/2021
A+,Kahlil Riditch,Female,normalmedium,ALIPUR/OUTER DISTRICT,false,1.84,83,09/02/2021
AB-,Vera Ridgedell,Female,normalmedium,BEGUM PUR/OUTER DISTRICT,false,1.94,72,06/12/2019
B+,Blancha Djorevic,Female,strong,KRISHNA NAGAR/EAST,false,1.77,83,21/08/2020
AB+,Christoforo Ruckert,Female,thin,VASANT KUNJ SOUTH/SOUTH,true,1.82,71,22/10/2018
AB-,Petra Spaight,Female,strong,GANDHI NAGAR/EAST,true,1.66,29,07/01/2019
B+,Franny Plumridege,Female,normalmedium,BHALSWA DAIRY/NORTH WEST,true,1.74,53,28/01/2020
O-,Renard Seedhouse,Female,normalmedium,BADARPUR/SOUT EAST,true,1.75,72,01/07/2018
A-,Caril Lowre,Female,normalmedium,SHALIMAR BAGH/NORTH WEST,false,1.63,16,11/12/2020
AB+,Lonnard Kmicicki,Female,normalmedium,SHALIMAR BAGH/NORTH WEST,false,1.76,5,26/05/2018
B-,Derek Isabell,Female,normalmedium,PALAM VILLAGE/SOUTH WEST,true,1.71,13,10/12/2020
B+,Shayne Hynam,Female,thin,OLD DELHI (DELHI MAIN) RLY. STN./RAILWAYS METRO,true,1.74,68,07/10/2020
B-,Petronilla Duffan,Female,strong,VIJAY VIHAR/OUTER DISTRICT,true,1.66,58,03/07/2018
A-,Agretha Gosney,Female,thin,ALIPUR/OUTER DISTRICT,true,1.91,30,02/04/2020
O+,Mellisent Batterbee,Female,verylanky,MUNDKA/WEST,false,1.7,25,08/09/2021
A+,Isabelita Rummins,Female,normalmedium,SHAHBAD DAIRY/OUTER DISTRICT,false,1.76,70,01/04/2021
A-,Fielding Swafield,Female,normalmedium,KIRTI NAGAR/WEST,false,1.76,79,12/12/2019
AB-,Elsie Stride,Female,thin,G.T.B. ENCLAVE/NORTH EAST,true,1.76,57,10/05/2019
A-,Dionisio Whitsun,Female,normalmedium,NEB SARAI/SOUTH,false,1.72,13,20/07/2021
AB-,Franky Baskwell,Female,normalmedium,BURARI/NORTH,true,1.79,39,13/08/2019
A-,Valaree Artz,Female,thin,HAUZ KHAS/SOUTH,true,1.61,13,24/03/2021
O+,Neils Deegin,Female,thin,K.M. PUR/SOUTH,true,1.93,39,22/06/2019
AB+,Keslie Clausner,Female,normalmedium,MUNDKA/WEST,false,1.84,27,03/04/2018
AB-,Tommi Holtham,Female,normalmedium,BABA HARIDAS NAGAR/SOUTH WEST,true,1.82,51,08/10/2019
O-,Siffre Dubarry,Male,normalmedium,ROOP NAGAR/NORTH,true,1.65,33,21/04/2018
AB+,Debbie Raynor,Male,normalmedium,SUNLIGHT COLONY/SOUTH- EAST,false,1.85,25,23/05/2021
A+,Chip Herion,Male,normalmedium,KARAWAL NAGAR/NORTH EAST,false,1.76,84,15/09/2020
AB+,Tommi Delacote,Male,thin,JAIT PUR/SOUTH- EAST,false,1.87,87,25/03/2020
O-,Denise O' Hogan,Male,strong,FARSH BAZAR/EAST,true,1.69,71,28/10/2021
O-,Mohammed Secretan,Male,normalmedium,NAND NAGRI/NORTH EAST,true,1.66,89,28/10/2020
A+,Cristi Ebbers,Male,thin,JAIT PUR/SOUTH- EAST,true,1.77,55,06/05/2018
A-,Marcelle McCrostie,Male,thin,KARAWAL NAGAR/NORTH EAST,false,1.72,21,31/12/2020
A-,Moselle Jakolevitch,Male,normalmedium,MANGOL PURI/OUTER DISTRICT,false,1.94,77,24/06/2018
B+,Sutherlan Burrel,Male,thin,MUKHERJEE NAGAR/NORTH WEST,true,1.8,77,01/02/2019
AB-,Martin Woosnam,Male,normalmedium,FARSH BAZAR/EAST,true,1.86,9,03/10/2019
AB-,Leisha Vasnev,Male,thin,NEW ASHOK NAGAR/EAST,false,1.71,79,13/03/2019
B-,Laney Bonifas,Male,normalmedium,OLD DELHI (DELHI MAIN) RLY. STN./RAILWAYS METRO,false,1.75,42,12/10/2019
O+,Bertie De Paepe,Male,normalmedium,MANGOL PURI/OUTER DISTRICT,true,1.79,32,13/07/2019
A-,Lissie Johnys,Male,normalmedium,MAHENDRA PARK/NORTH WEST,false,1.89,47,08/06/2018
AB-,Wade Stodit,Male,thin,SWAROOP NAGAR/NORTH WEST,false,1.88,39,06/02/2021
O+,Sarette Robard,Male,thin,RANHOLA/WEST,false,1.72,2,12/01/2019
B-,Mayer Redferne,Male,normalmedium,FATEHPUR BERI/SOUTH,false,1.65,56,09/03/2019
O-,Alva Le Noury,Male,thin,HAUZ KHAS/SOUTH,false,1.65,28,28/03/2020
O-,Denna Frewer,Male,normalmedium,NEW ASHOK NAGAR/EAST,false,1.71,58,01/05/2019
A+,Catrina Bess,Male,normalmedium,KASHMERI GATE/NORTH,false,1.76,39,30/06/2020
AB-,Allianora Snalham,Male,normalmedium,SONIA VIHAR/NORTH EAST,true,1.72,61,15/12/2019
A-,Merola Cobon,Male,thin,SONIA VIHAR/NORTH EAST,false,1.88,38,04/11/2021
AB-,Malachi Wyburn,Male,normalmedium,PALAM VILLAGE/SOUTH WEST,false,1.61,88,09/06/2018
B+,Tommy Munt,Male,normalmedium,PALAM VILLAGE/SOUTH WEST,true,1.64,88,09/08/2018
A+,Dolph Gillespey,Male,normalmedium,PALAM VILLAGE/SOUTH WEST,true,1.91,63,04/01/2020
AB-,Brantley Duffyn,Male,normalmedium,PAHAR GANJ/CENTRAL,false,1.69,54,24/07/2019
AB-,L;urette MacGiolla,Male,thin,GEETA COLONY/EAST,true,1.72,56,15/11/2019
A-,Kris Trahmel,Male,normalmedium,VASANT KUNJ SOUTH/SOUTH,true,1.92,34,29/04/2019
O+,Cornela Larvent,Female,thin,AMAN VIHAR/OUTER DISTRICT,true,1.84,41,20/04/2021
O-,Port Willetts,Female,normalmedium,BHARAT NAGAR/NORTH WEST,false,1.93,15,08/10/2018
B+,Jessy Olliff,Female,normalmedium,AMAN VIHAR/OUTER DISTRICT,false,1.88,37,23/04/2019
A+,Padgett Bolduc,Female,thin,AMAN VIHAR/OUTER DISTRICT,true,1.64,80,18/06/2020
AB-,Jessee McIlvoray,Female,normalmedium,SHAHBAD DAIRY/OUTER DISTRICT,false,1.88,45,28/11/2020
B+,Willem Pohling,Female,thin,AMAN VIHAR/OUTER DISTRICT,false,1.62,41,11/11/2019
AB+,Ricki Floyde,Female,thin,AMAN VIHAR/OUTER DISTRICT,true,1.89,27,03/02/2021
O-,Robbi Durham,Female,normalmedium,SHALIMAR BAGH/NORTH WEST,false,1.93,57,15/11/2020
A-,Alfredo Freeland,Male,thin,MEHRAULI,true,1.75,49,30/09/2020
A-,Edik Petrenko,Male,normalmedium,VIJAY VIHAR/OUTER DISTRICT,true,1.9,44,05/03/2019
A+,Loella Garlic,Male,thin,NEW USMANPUR/NOR EAST,true,1.96,80,06/05/2019
O+,Clo Devey,Female,normalmedium,AMAN VIHAR/OUTER DISTRICT,false,1.86,46,09/12/2018
AB-,Alfons Ferris,Female,thin,AMAN VIHAR/OUTER DISTRICT,false,1.65,57,20/11/2018
A-,Delores Caslin,Female,normalmedium,AMAN VIHAR/OUTER DISTRICT,false,1.71,4,27/12/2019
AB-,Boycie Keener,Female,normalmedium,JAHANGIR PURI/NORTH WEST,true,1.78,40,01/07/2018
A-,Marcello Rogeron,Female,thin,MEHRAULI,false,1.76,54,16/10/2019
O-,Carine Flanne,Female,thin,SHAHBAD DAIRY/OUTER DISTRICT,false,1.8,76,12/11/2018
A-,Shelli Belchamp,Female,thin,BURARI/NORTH,true,1.85,85,09/01/2021
B+,De Joffe,Female,strong,FARSH BAZAR/EAST,true,1.79,20,12/12/2019
B+,Lissy McNeillie,Female,normalmedium,BURARI/NORTH,true,1.82,25,13/09/2020
AB-,Jeremiah Kleeborn,Female,thin,OLD DELHI (DELHI MAIN) RLY. STN./RAILWAYS METRO,true,1.69,58,25/06/2018
B-,Randee Breznovic,Female,normalmedium,BINDA PUR/SOUTH WEST,false,1.88,19,25/02/2019
O+,Cecilius Barwick,Female,normalmedium,NEW DELHI RLY. STN./RAILWAYS METRO,true,1.91,82,22/03/2021
AB+,Cinda Janda,Female,thin,TILAK NAGAR/WEST,false,1.9,79,19/12/2021
O+,Charleen Glasspool,Female,thin,GOVIND PURI/SOUTH- EAST,true,1.8,82,20/09/2021
A-,Leodora Headly,Female,normalmedium,UTTAM NAGAR/WEST,false,1.81,1,26/03/2019
O+,Jillane Southerton,Female,normalmedium,NABI KARIM,false,1.69,83,21/07/2018
O+,Armin Krzyzowski,Female,strong,UTTAM NAGAR/WEST,true,1.9,35,11/05/2018
A-,Fitz Robbey,Female,thin,FARSH BAZAR/EAST,true,1.86,60,10/12/2021
A-,Ninetta Aindrais,Female,normalmedium,RANHOLA/WEST,true,1.87,78,10/01/2018
A+,Bettye Elliman,Female,thin,BAWANA/OUTER DISTRICT,false,1.67,81,24/10/2020
A+,Rubin Panons,Female,normalmedium,NANGLOI/OUTER DISTRICT,false,1.94,5,16/09/2020
B+,Delmer Diver,Female,normalmedium,SAMAIPUR BADLI/OUTER DISTRICT,true,1.82,7,07/06/2021
B+,Pooh Gerbl,Female,strong,AMAN VIHAR/OUTER DISTRICT,true,1.75,66,01/02/2020
B-,Juliette Todari,Female,thin,MUKHERJEE NAGAR/NORTH WEST,true,1.62,51,19/07/2021
O+,Leon Jaques,Female,normalmedium,NAND NAGRI/NORTH EAST,false,1.63,17,04/03/2020
AB-,Georgia Scanderet,Female,normalmedium,MEHRAULI,false,1.92,74,08/11/2021
O-,Marley MacRitchie,Female,thin,NORTH ROHINI/OUTER DISTRICT,false,1.86,38,09/11/2020
B-,Hillery Keford,Female,normalmedium,SUBHASH PLACE/NORTH WEST,true,1.66,5,15/01/2019
AB-,Jan Cottage,Female,strong,NARELA/OUTER DISTRICT,true,1.67,38,17/11/2021
B+,Casey Bisley,Female,thin,VASANT KUNJ SOUTH/SOUTH,true,1.92,13,14/02/2018
AB-,Coraline Talman,Female,thin,AMAN VIHAR/OUTER DISTRICT,false,1.69,80,21/09/2021
A-,Rey Kitchingman,Male,thin,KANJHAWALA/O DISTRICT,false,1.79,87,10/08/2019
O+,Sybyl Fawdrey,Male,thin,KARAWAL NAGAR/NORTH EAST,false,1.85,19,17/11/2020
O+,Esther Mont,Male,thin,MANGOL PURI/OUTER DISTRICT,false,1.9,54,12/04/2019
A-,Vannie Nashe,Female,thin,SADAR BAZAR/NORTH,false,1.7,49,18/09/2018
O-,Cosme Rehn,Female,normalmedium,SUBHASH PLACE/NORTH WEST,true,1.8,58,15/04/2018
AB+,Nicol Bellam,Female,strong,SUBHASH PLACE/NORTH WEST,true,1.77,14,06/04/2019
A+,Vito Toplin,Female,normalmedium,JAGAT PURI/EAST,false,1.68,29,18/04/2020
B+,Petronella Rain,Female,thin,PALAM VILLAGE/SOUTH WEST,false,1.95,55,04/07/2018
AB+,Corie Daoust,Female,normalmedium,KANJHAWALA/O DISTRICT,false,1.8,42,17/09/2018
AB+,Jeth Bielfeld,Female,normalmedium,SHAHBAD DAIRY/OUTER DISTRICT,false,1.79,82,11/10/2020
A-,Kev Keenor,Female,normalmedium,FATEHPUR BERI/SOUTH,false,1.7,67,11/05/2021
AB-,Pamelina O'Dennehy,Female,thin,AMAN VIHAR/OUTER DISTRICT,false,1.87,65,05/08/2020
B-,Hester Lineen,Female,thin,SWAROOP NAGAR/NORTH WEST,true,1.84,14,24/06/2019
A+,Malynda Lowndsborough,Female,thin,NEW ASHOK NAGAR/EAST,false,1.91,60,19/04/2021
AB-,Mirella Vallentin,Female,normalmedium,SANGAM VIHAR/SOUTH- EAST,true,1.69,29,27/04/2018
B+,Sianna Jackman,Female,normalmedium,BHAJAN PURA/NORTH EAST,false,1.89,89,29/09/2019
B-,Ephrem Kirkby,Female,strong,CONNAUGHT PLACE/NEW DELHI,true,1.85,65,23/01/2018
A-,Brigida Keme,Female,normalmedium,NEB SARAI/SOUTH,false,1.87,5,13/06/2020
AB-,Marge Mackiewicz,Female,thin,RAMAKRISHNA PURAM/SOUTH WEST,true,1.86,13,27/07/2018
B+,Niels Verbeke,Female,normalmedium,SANGAM VIHAR/SOUTH- EAST,true,1.82,39,08/06/2021
AB-,Katie Young,Male,normalmedium,GANDHI NAGAR/EAST,false,1.91,25,18/11/2020
O-,Gaven Trevenu,Female,normalmedium,BADARPUR/SOUT EAST,true,1.81,68,21/04/2020
AB-,Kalle Dutt,Female,thin,VASANT KUNJ SOUTH/SOUTH,true,1.71,29,23/12/2018
O+,Arel Rawlin,Female,normalmedium,VASANT KUNJ SOUTH/SOUTH,false,1.74,14,16/08/2020
O+,Marylynne Conan,Female,thin,OKHLA INDUSTRIAL AREA/SOUTH- EAST,false,1.93,3,31/01/2021
A+,Stefanie Domniney,Female,thin,JAIT PUR/SOUTH- EAST,true,1.89,19,16/08/2021
O-,Dot covino,Female,normalmedium,OKHLA INDUSTRIAL AREA/SOUTH- EAST,false,1.73,45,02/02/2020
A+,Manny Saiz,Female,normalmedium,DABRI/SOUTH WEST,false,1.64,37,21/05/2020
B+,Mandy Kettlesing,Female,thin,ALIPUR/OUTER DISTRICT,false,1.75,53,11/12/2019
A-,Edith Cuer,Female,thin,OLD DELHI (DELHI MAIN) RLY. STN./RAILWAYS METRO,false,1.68,67,05/08/2019
B+,Didi Bonnick,Female,normalmedium,OKHLA INDUSTRIAL AREA/SOUTH- EAST,false,1.78,14,09/06/2020
B+,Maighdiln Cresswell,Female,thin,VIVEK VIHAR/EAST,true,1.87,87,08/04/2019
B+,Anni Scoffins,Female,normalmedium,NAGAF GARH/SOUTH WEST,false,1.9,4,15/07/2021
O-,Lisabeth Klimochkin,Male,normalmedium,KARAWAL NAGAR/NORTH EAST,false,1.84,45,09/06/2018
A+,Isiahi Vedekhin,Male,thin,FARSH BAZAR/EAST,true,1.75,59,16/09/2018
AB+,Flossy Kilshaw,Male,thin,SEELAMPUR/NOR EAST,true,1.81,22,18/09/2020
AB-,Yvor Ludwig,Male,thin,SUBHASH PLACE/NORTH WEST,true,1.68,71,28/10/2019
O+,Morie Funnell,Male,normalmedium,MADHU VIHAR/EAST,true,1.74,56,15/02/2018
A+,Aubree Ysson,Male,thin,KASHMERI GATE/NORTH,false,1.63,74,27/06/2021
A-,Spenser Mum,Female,normalmedium,MANGOL PURI/OUTER DISTRICT,false,1.8,13,22/04/2021
AB-,Ripley Guisler,Female,thin,RANHOLA/WEST,true,1.65,84,20/02/2019
AB-,Erhart Fontin,Female,normalmedium,JAFRABAD/NORT EAST,false,1.89,22,27/03/2019
O+,Torr Keel,Female,strong,SULTANPURI/OUT DISTRICT,true,1.69,87,25/08/2020
A-,Hymie Andries,Female,muscular,JAGAT PURI/EAST,true,1.94,27,31/03/2018
O+,Fairlie Bennit,Female,normalmedium,MANGOL PURI/OUTER DISTRICT,true,1.84,79,10/11/2021
AB-,Roseanne Kidney,Female,thin,FATEHPUR BERI/SOUTH,true,1.93,14,06/01/2020
A+,Skip Philimore,Female,strong,MEHRAULI,true,1.89,43,28/02/2018
B-,Laney Gyer,Female,normalmedium,BABA HARIDAS NAGAR/SOUTH WEST,true,1.73,1,30/07/2019
O+,Correy Pendergrast,Female,normalmedium,PRASAD NAGAR,false,1.76,63,27/03/2020
A-,Winny Maddigan,Female,normalmedium,NAND NAGRI/NORTH EAST,false,1.77,1,20/07/2020
A+,Piggy MacAnelley,Female,normalmedium,PRASAD NAGAR,false,1.69,67,19/10/2018
A-,Griff Tzarkov,Female,normalmedium,JAGAT PURI/EAST,false,1.93,31,14/06/2019
O-,Daniela Penchen,Female,thin,JANAK PURI/WEST,true,1.78,79,04/12/2020
O+,Tami Gilardoni,Female,thin,BEGUM PUR/OUTER DISTRICT,true,1.67,88,03/12/2021
O+,Guendolen Lardiner,Female,thin,VIJAY VIHAR/OUTER DISTRICT,false,1.71,25,25/04/2019
A-,Cher Evason,Female,thin,VIJAY VIHAR/OUTER DISTRICT,true,1.68,86,15/08/2020
B+,Cornelia O'Brogan,Female,normalmedium,HARI NAGAR/WEST,false,1.91,47,14/04/2018
AB-,Marcie Ivasechko,Female,normalmedium,FATEHPUR BERI/SOUTH,true,1.68,32,22/01/2018
O+,Rochelle Durban,Female,normalmedium,NEW USMANPUR/NOR EAST,true,1.88,24,12/12/2018
AB-,Maggie Kornilov,Female,thin,NARELA/OUTER DISTRICT,false,1.66,5,01/08/2021
A-,Brennan Tubbles,Female,normalmedium,SHAHBAD DAIRY/OUTER DISTRICT,true,1.81,75,12/04/2021
B-,Hali Minnock,Female,normalmedium,KAPASHERA/SOU WEST,true,1.68,18,24/12/2021
B+,Brandise Sarfatti,Female,normalmedium,KAROL BAGH/CENTRAL,true,1.63,88,27/02/2021
AB+,Quint Finicj,Female,normalmedium,PUL PRAHLAD PUR/SOUTH- EAST,false,1.81,22,10/03/2021
A+,Judith Avramovic,Female,normalmedium,NEW USMANPUR/NOR EAST,true,1.92,84,16/03/2020
A-,Loni Jorden,Female,normalmedium,SULTANPURI/OUT DISTRICT,false,1.78,66,06/05/2021
O-,Adair Chisnall,Female,strong,MADHU VIHAR/EAST,true,1.68,24,05/06/2020
B-,Glynn Grason,Female,thin,KANJHAWALA/O DISTRICT,true,1.87,45,12/08/2019
B-,Frederica Trusslove,Female,strong,JANAK PURI/WEST,false,1.85,45,10/03/2018
A+,Maressa Mynard,Female,thin,HARI NAGAR/WEST,false,1.78,1,23/08/2018
AB-,Gayleen Castellani,Male,veryfat,SULTANPURI/OUT DISTRICT,false,1.67,18,13/01/2021
O-,Jobyna Tolcharde,Male,strong,MIANWALI NAGAR/WEST,true,1.94,63,24/12/2018
A+,Fred Vanshin,Male,normalmedium,SARITA VIHAR/SOUTH,false,1.64,19,27/02/2020
O+,Barthel Bernadon,Male,strong,MANGOL PURI/OUTER DISTRICT,true,1.92,52,23/02/2020
B-,Lina Kopelman,Male,normalmedium,NEW ASHOK NAGAR/EAST,false,1.87,27,09/09/2019
O-,Laurena Leyzell,Female,normalmedium,SHAHBAD DAIRY/OUTER DISTRICT,true,1.84,5,27/07/2019
A+,Cyril Paylor,Female,thin,MAYUR VIHAR PH- I/EAST,true,1.87,33,02/02/2021
A-,Marsha Furniss,Female,thin,SAMAIPUR BADLI/OUTER DISTRICT,true,1.73,39,07/11/2020
O+,Jobyna Limpenny,Female,thin,HAUZ KHAS/SOUTH,false,1.95,36,06/03/2018
B-,Winne Ruilton,Female,normalmedium,NORTH ROHINI/OUTER DISTRICT,false,1.73,65,21/02/2021
A-,Vilhelmina Holdforth,Female,normalmedium,KARAWAL NAGAR/NORTH EAST,true,1.87,56,06/01/2020
A-,Isidor Betancourt,Female,thin,MAHENDRA PARK/NORTH WEST,false,1.91,20,12/07/2020
B-,Lambert Gaize,Male,thin,MAHENDRA PARK/NORTH WEST,false,1.65,15,05/03/2021
B+,Andree Allain,Female,normalmedium,PALAM VILLAGE/SOUTH WEST,true,1.68,44,14/03/2020
B+,Dick Brizell,Female,normalmedium,SANGAM VIHAR/SOUTH- EAST,false,1.67,88,06/07/2019
O+,Fredek Cleynaert,Female,thin,SARAI ROHILLA/NORTH,true,1.75,31,16/05/2019
AB-,Dwayne Trett,Female,strong,HAUZ KHAS/SOUTH,false,1.69,8,05/11/2018
B+,Kathleen Wardesworth,Female,normalmedium,TILAK MARG/NEW DELHI,true,1.64,86,18/05/2020
O+,Denna Greenhouse,Male,normalmedium,TILAK MARG/NEW DELHI,true,1.66,78,11/10/2019
B+,Gracia Golightly,Male,normalmedium,TILAK MARG/NEW DELHI,true,1.65,1,28/01/2018
O+,Tyrone Scotney,Female,fat,SHAHDARA/NOR EAST,false,1.72,15,26/08/2020
B+,Ginger Celez,Female,strong,SAGAR PUR/SOUTH WEST,true,1.91,78,26/01/2018
A-,Silvia Kropach,Female,normalmedium,SAGAR PUR/SOUTH WEST,false,1.91,13,21/05/2021
O-,Agatha Dawidman,Female,normalmedium,AMAN VIHAR/OUTER DISTRICT,false,1.62,66,02/07/2018
AB+,Mauricio Cockaday,Female,normalmedium,HARSH VIHAR/NORTH EAST,true,1.67,35,31/05/2021
B-,Millicent Perris,Female,thin,SAGAR PUR/SOUTH WEST,true,1.89,13,01/08/2019
AB-,Nico Lile,Female,thin,ALIPUR/OUTER DISTRICT,false,1.91,26,02/12/2020
AB+,Kenn Cornejo,Female,normalmedium,ALIPUR/OUTER DISTRICT,false,1.68,61,26/01/2020
B+,Karolina Whittenbury,Female,thin,KAPASHERA/SOU WEST,false,1.79,38,07/11/2021
B-,Irwin Marfe,Female,normalmedium,JAHANGIR PURI/NORTH WEST,true,1.91,72,27/12/2019
A+,Stu Noor,Female,normalmedium,KALYANPURI,true,1.73,33,14/02/2019
AB+,Barbie Taffurelli,Female,thin,BADARPUR/SOUT EAST,false,1.76,21,26/04/2021
B-,Amandi Kidner,Female,normalmedium,NEB SARAI/SOUTH,true,1.85,82,16/10/2019
O+,Vivia Robjohns,Female,normalmedium,JYOTI NAGAR/NORTH EAST,false,1.9,50,17/10/2020
B+,Jeffry Crockett,Male,normalmedium,MANDIR MARG/NEW DELHI,false,1.9,4,12/01/2019
B-,Janie Minger,Male,thin,BHAJAN PURA/NORTH EAST,true,1.79,83,25/11/2018
O-,Dietrich Benettini,Male,strong,BARA HINDU RAO/NORTH,true,1.65,77,20/01/2020
A+,Oralia Talkington,Female,normalmedium,SANGAM VIHAR/SOUTH- EAST,true,1.69,45,09/07/2019
A-,Lynnea Stanlake,Female,normalmedium,AMBEDKAR NAGAR/SOUTH- EAST,false,1.79,64,08/10/2021
AB-,Abigale Chance,Female,thin,SONIA VIHAR/NORTH EAST,false,1.64,8,09/06/2018
AB+,Gunilla Gorman,Female,thin,VIVEK VIHAR/EAST,true,1.83,75,05/08/2020
B-,Skyler Beresfore,Female,thin,NARELA/OUTER DISTRICT,false,1.71,87,14/06/2018
O+,Grazia Raddan,Female,normalmedium,NARELA/OUTER DISTRICT,false,1.85,86,02/07/2019
O+,Karole Burkinshaw,Male,thin,ALIPUR/OUTER DISTRICT,false,1.84,84,20/12/2018
A+,Halsy Althorp,Male,normalmedium,NORTH ROHINI/OUTER DISTRICT,false,1.73,3,28/01/2021
B-,Iris Pelham,Female,thin,KAPASHERA/SOU WEST,false,1.76,39,14/02/2021
B-,Halley Stolle,Female,normalmedium,RANI BAGH/NORTH WEST,false,1.72,80,20/10/2020
O+,Mellie Toner,Female,thin,SONIA VIHAR/NORTH EAST,false,1.76,44,08/05/2019
A+,Elora Loverock,Female,thin,ADARSH NAGAR/NORTH WEST,false,1.84,69,26/01/2021
A-,Clea Januszewski,Female,thin,KHAJURI KHAS/NORTH EAST,true,1.77,15,14/08/2021
O+,George Stetson,Female,normalmedium,KHYALA/WEST,false,1.72,33,28/06/2018
AB-,Audrie Lebrun,Female,normalmedium,GEETA COLONY/EAST,false,1.62,31,06/09/2018
A+,Caryn Nannini,Female,normalmedium,BHAJAN PURA/NORTH EAST,false,1.75,57,20/11/2019
AB-,Devondra Nellen,Female,thin,BHALSWA DAIRY/NORTH WEST,true,1.73,15,28/12/2021
A+,Freddy Lates,Female,normalmedium,ANAND VIHAR RLY STN/RAILWAYS METRO,false,1.76,43,25/05/2019
O-,Kesley Coaster,Female,thin,KAPASHERA/SOU WEST,true,1.84,81,24/01/2018
AB-,Nicolais Molson,Female,thin,VASANT KUNJ SOUTH/SOUTH,true,1.76,56,29/08/2021
AB+,Scarface Pembridge,Female,thin,MEHRAULI,true,1.63,82,26/02/2019
O-,Oran McLleese,Female,muscular,HARSH VIHAR/NORTH EAST,true,1.76,20,14/02/2021
A-,Robinson Beatty,Female,thin,SHAHBAD DAIRY/OUTER DISTRICT,false,1.64,20,13/08/2021
AB+,Emlen Coie,Female,normalmedium,NEW USMANPUR/NOR EAST,true,1.8,51,14/01/2018
AB-,Lisette Hamblen,Female,normalmedium,KAPASHERA/SOU WEST,true,1.8,11,03/03/2020
O-,Ivie Josebury,Female,thin,BAWANA/OUTER DISTRICT,true,1.79,66,12/02/2020
AB+,Greta Baruch,Female,normalmedium,MAHENDRA PARK/NORTH WEST,true,1.96,58,14/09/2018
AB+,Harriott Ramel,Female,normalmedium,NAGAF GARH/SOUTH WEST,false,1.93,68,29/04/2018
O-,Jeremie Matys,Female,thin,BURARI/NORTH,true,1.74,71,27/02/2018
A-,Justina Leaton,Female,thin,BURARI/NORTH,false,1.95,14,21/06/2021
B-,Brody Ghione,Male,thin,KANJHAWALA/O DISTRICT,true,1.94,39,30/11/2018
B-,Isidor Longbone,Male,normalmedium,TIMARPUR,true,1.61,56,02/02/2018
A+,Jess Willoughley,Male,normalmedium,RANHOLA/WEST,false,1.88,75,19/05/2021
A-,Jeannine Parffrey,Female,thin,VIJAY VIHAR/OUTER DISTRICT,true,1.71,18,11/01/2019
O+,Adam Firby,Female,normalmedium,TIMARPUR,false,1.66,81,02/09/2019
B-,Dyanna Shoreson,Female,strong,PRASAD NAGAR,false,1.87,38,26/07/2019
O+,Bessy Shimwell,Female,thin,NEW FRIENDS COLONY/SOUTH- EAST,false,1.74,67,03/02/2020
O+,Brandyn Featherstone,Female,thin,NARELA/OUTER DISTRICT,true,1.95,42,11/05/2018
A+,Rhianon Lates,Female,normalmedium,UTTAM NAGAR/WEST,true,1.88,18,08/10/2019
B+,Rosemonde Loveless,Female,thin,NORTH ROHINI/OUTER DISTRICT,true,1.81,67,05/04/2018
B-,Kellyann Spybey,Female,thin,NAND NAGRI/NORTH EAST,false,1.62,71,21/01/2020
A+,Maryrose Climer,Female,thin,MANDAWLI FAZAL PUR/EAST,true,1.74,22,11/04/2018
B-,Nola Knightly,Female,normalmedium,NEW ASHOK NAGAR/EAST,false,1.67,55,04/03/2018
B-,Solomon Tanton,Female,strong,WELCOME/NORT EAST,false,1.8,15,02/12/2020
B+,Dorey Clowney,Female,thin,KHAJURI KHAS/NORTH EAST,false,1.64,14,11/09/2020
B-,Kai Rennebach,Female,strong,WELCOME/NORT EAST,false,1.82,67,08/09/2019
B+,Adler McGrirl,Female,thin,MADHU VIHAR/EAST,false,1.65,28,15/09/2020
A-,Ruth Dunning,Female,thin,JAIT PUR/SOUTH- EAST,false,1.88,80,29/07/2018
O+,Shir Kopec,Female,muscular,BHALSWA DAIRY/NORTH WEST,true,1.62,69,21/06/2018
A+,Frankie Jachimiak,Female,normalmedium,KALKAJI/SOUTH- EAST,false,1.7,29,13/02/2019
B+,Ansell Elverston,Female,thin,NAND NAGRI/NORTH EAST,false,1.82,42,03/06/2021
A+,Donnell Blurton,Female,thin,KALYANPURI,true,1.75,85,20/06/2018
O-,Adan Emerine,Female,thin,KAPASHERA/SOU WEST,true,1.83,39,26/06/2020
B-,Calypso Ciccarello,Female,normalmedium,NARELA/OUTER DISTRICT,true,1.85,84,24/12/2019
B-,Alix Ebertz,Female,thin,SEELAMPUR/NOR EAST,true,1.92,80,25/09/2021
AB+,Noble Brinkworth,Male,normalmedium,NARELA/OUTER DISTRICT,true,1.66,30,21/09/2021
B-,Amargo Levecque,Female,normalmedium,R. K. PURAM/SOUTH,true,1.65,38,30/04/2021
B+,Kiley Shrubb,Female,thin,BHAJAN PURA/NORTH EAST,true,1.81,58,21/07/2019
O-,Michelina Mullenger,Female,strong,NEW DELHI RLY. STN./RAILWAYS METRO,false,1.75,73,06/02/2020
AB+,Mercedes Orhrt,Female,normalmedium,MANDAWLI FAZAL PUR/EAST,false,1.68,33,25/01/2020
O-,Franzen Schanke,Female,strong,KOTWALI,false,1.82,52,24/05/2018
B+,Ros Fandrich,Female,normalmedium,TILAK NAGAR/WEST,true,1.8,21,28/01/2020
AB-,Bailey Lotze,Female,veryfat,SWAROOP NAGAR/NORTH WEST,false,1.66,49,07/10/2021
B+,Abramo Finkle,Female,normalmedium,GHAZIPUR/EAST,true,1.79,35,24/01/2021
AB-,Worth Oxherd,Female,thin,SADAR BAZAR/NORTH,false,1.62,80,22/03/2019
AB+,Cash Dugald,Male,normalmedium,VIJAY VIHAR/OUTER DISTRICT,false,1.92,80,25/03/2018
A-,Reinhold Phillins,Male,strong,HAUZ KHAS/SOUTH,false,1.75,67,11/06/2018
A+,Halli L'Episcopio,Male,normalmedium,PRASAD NAGAR,false,1.67,15,11/05/2019
B-,Nance Moultrie,Female,normalmedium,KHAJURI KHAS/NORTH EAST,false,1.83,14,31/12/2020
A+,Kaitlyn Ghilardi,Female,normalmedium,KHYALA/WEST,false,1.68,74,06/06/2018
O-,Breena Forri,Female,thin,ANAND VIHAR/EAST,false,1.93,63,23/06/2019
A-,Natale Holdforth,Female,thin,KAPASHERA/SOU WEST,true,1.66,84,04/08/2020
A+,Kati Dymoke,Female,thin,KARAWAL NAGAR/NORTH EAST,true,1.79,25,01/10/2021
AB-,Travus Kneal,Female,thin,MANDAWLI FAZAL PUR/EAST,false,1.66,37,16/02/2021
AB-,Lorrie Nafzger,Female,normalmedium,FARSH BAZAR/EAST,true,1.95,77,02/08/2018
AB-,Shelli Borless,Female,thin,NEW USMANPUR/NOR EAST,false,1.86,4,08/10/2018
B+,Ferguson Betton,Female,thin,NARELA/OUTER DISTRICT,true,1.92,68,14/08/2018
O+,Mathe Craigs,Female,normalmedium,NEW ASHOK NAGAR/EAST,true,1.69,73,02/05/2020
O+,Meryl Hinrichs,Female,normalmedium,INDER PURI/SOUTH WEST,true,1.73,8,08/10/2019
AB+,Gratia Gianulli,Female,normalmedium,SULTANPURI/OUT DISTRICT,false,1.62,25,18/02/2021
B-,Lorrin Finnie,Female,normalmedium,MALVIYA NAGAR/SOUTH,false,1.63,2,24/06/2020
AB-,Louisette Sleigh,Female,thin,NAND NAGRI/NORTH EAST,false,1.91,72,24/12/2021
O-,Justin Hurleston,Female,fat,SEEMAPURI/NOR EAST,false,1.62,29,07/01/2018
B-,Lulu Peartree,Female,thin,UTTAM NAGAR/WEST,true,1.79,57,28/10/2019
AB-,King Firsby,Female,thin,AMAN VIHAR/OUTER DISTRICT,true,1.74,49,25/08/2018
AB-,Herve Housby,Female,normalmedium,OKHLA INDUSTRIAL AREA/SOUTH- EAST,false,1.72,54,26/09/2019
B-,Jinny Barth,Female,thin,SAGAR PUR/SOUTH WEST,true,1.92,55,05/07/2018
AB-,Bobbye Setterington,Female,strong,MALVIYA NAGAR/SOUTH,false,1.67,65,18/02/2018
A+,Devin Scamerden,Female,thin,NANGLOI/WEST,false,1.75,55,29/11/2019
B+,Major Counihan,Female,normalmedium,AMAN VIHAR/OUTER DISTRICT,true,1.89,2,08/06/2020
O+,Leupold Smaile,Female,thin,RANHOLA/WEST,false,1.86,71,05/03/2021
AB+,Billy Adiscot,Female,thin,SAMAIPUR BADLI/OUTER DISTRICT,true,1.94,88,04/03/2021
O-,Tanitansy Kingswood,Female,normalmedium,BINDA PUR/SOUTH WEST,false,1.86,41,03/05/2018
O+,Claus Smythin,Female,strong,MEHRAULI,true,1.66,60,12/06/2020
O+,Domenic Seyffert,Female,normalmedium,LAJPAT NAGAR/SOUTH- EAST,true,1.93,32,02/08/2020
AB-,Janelle MacKnight,Female,thin,AMAN VIHAR/OUTER DISTRICT,false,1.79,60,02/11/2021
B-,Mariann Livett,Female,thin,AMAN VIHAR/OUTER DISTRICT,true,1.92,88,29/08/2018
AB+,Rheta O'Malley,Female,normalmedium,I.P.ESTATE,true,1.75,75,28/07/2021
A-,Moe Faloon,Male,normalmedium,PRASAD NAGAR,false,1.64,6,02/07/2018
B-,Glyn Askew,Male,thin,MANGOL PURI/OUTER DISTRICT,true,1.68,12,30/08/2018
O-,Ryun O'Drought,Male,strong,CHHAWALA/SOU WEST,false,1.77,30,16/12/2021
A-,Ashlan Tibalt,Female,normalmedium,BEGUM PUR/OUTER DISTRICT,true,1.77,11,04/01/2019
AB-,Skipton Goss,Female,normalmedium,PALAM VILLAGE/SOUTH WEST,true,1.76,5,25/09/2018
A-,Margette Linnock,Female,normalmedium,PALAM VILLAGE/SOUTH WEST,true,1.62,45,23/07/2019
AB-,Misti Lie,Female,thin,INDER PURI/SOUTH WEST,false,1.86,6,30/04/2018
A+,Kristin Yabsley,Female,thin,ALIPUR/OUTER DISTRICT,true,1.92,85,12/09/2018
B+,Kirstin Gherardesci,Female,thin,D.B.G. ROAD/CENTRAL,false,1.68,52,25/09/2019
O+,Dacia Moen,Female,normalmedium,SAMAIPUR BADLI/OUTER DISTRICT,true,1.93,55,01/04/2018
AB+,Lari Penvarden,Female,thin,UTTAM NAGAR/WEST,true,1.77,69,05/08/2021
B+,Thor Fuggle,Female,normalmedium,SUNLIGHT COLONY/SOUTH- EAST,true,1.92,1,14/10/2020
AB-,Dania Merrington,Female,thin,NEB SARAI/SOUTH,true,1.95,79,29/04/2019
A-,Teodorico Diddams,Female,normalmedium,CHHAWALA/SOU WEST,false,1.73,30,26/10/2018
A-,Jermaine Klaaasen,Female,normalmedium,CHHAWALA/SOU WEST,false,1.82,35,28/10/2020
B-,Pall Pattingson,Female,thin,AMBEDKAR NAGAR/SOUTH- EAST,false,1.85,27,11/01/2020
O+,Ursala Hymas,Female,normalmedium,UTTAM NAGAR/WEST,false,1.96,19,11/07/2019
O-,Helenelizabeth Cheney,Female,thin,NAGAF GARH/SOUTH WEST,false,1.71,84,12/07/2020
AB+,Gladi O'Caherny,Female,thin,PUL PRAHLAD PUR/SOUTH- EAST,false,1.89,30,16/04/2018
B-,Anderson Eathorne,Female,thin,MUNDKA/WEST,true,1.79,59,22/08/2021
O+,Harlan Willford,Female,normalmedium,MANGOL PURI/OUTER DISTRICT,true,1.88,72,25/08/2019
A+,Doyle Aust,Female,thin,KALYANPURI,false,1.76,43,17/05/2020
B-,Guthry Petrasso,Female,thin,OLD DELHI (DELHI MAIN) RLY. STN./RAILWAYS METRO,false,1.96,78,03/10/2021
O+,Hermia Retter,Female,thin,KHYALA/WEST,true,1.83,3,20/08/2019
A+,Torey Buff,Female,muscular,PUL PRAHLAD PUR/SOUTH- EAST,true,1.88,7,25/04/2020
B+,Barnebas Farquarson,Female,thin,MEHRAULI,true,1.85,59,22/07/2018
O-,Moira Wilmington,Male,normalmedium,BINDA PUR/SOUTH WEST,false,1.95,82,30/10/2021
AB-,See Boodell,Male,thin,SARAI ROHILLA/NORTH,false,1.69,52,28/02/2020
A-,Lindie Deverick,Male,normalmedium,NANGLOI/OUTER DISTRICT,true,1.66,33,29/10/2018
B-,Thurston Weeds,Female,normalmedium,NARELA/OUTER DISTRICT,false,1.62,43,14/06/2021
O+,Wiatt Greaterex,Female,strong,RANHOLA/WEST,true,1.88,72,10/11/2020
AB+,Ivan Leisk,Male,normalmedium,UTTAM NAGAR/WEST,true,1.79,23,28/10/2018
O-,Obadiah Richardin,Female,thin,UTTAM NAGAR/WEST,true,1.61,21,28/04/2018
AB-,Devi Garza,Male,thin,BADARPUR/SOUT EAST,false,1.71,27,12/02/2019
AB+,Darcey Sagrott,Male,normalmedium,BAWANA/OUTER DISTRICT,true,1.78,40,31/07/2018
O+,Goddart Broschke,Male,normalmedium,JYOTI NAGAR/NORTH EAST,true,1.9,50,18/06/2019
AB-,Sherlock Tregenza,Male,thin,KARAWAL NAGAR/NORTH EAST,true,1.65,16,22/07/2018
B-,Gib Remmers,Male,normalmedium,NEW USMANPUR/NOR EAST,false,1.92,18,17/11/2019
B+,Raddy Clapton,Male,strong,K.M. PUR/SOUTH,false,1.81,87,03/01/2022
B+,Kori Cockitt,Female,normalmedium,MADHU VIHAR/EAST,true,1.62,11,22/04/2019
O-,Marie-jeanne Jesson,Male,thin,RANJIT NAGAR,true,1.76,89,17/09/2021
AB+,Rodie Ricciardiello,Female,thin,MEHRAULI,true,1.68,45,24/04/2018
B-,Libby Kinkade,Male,normalmedium,KAPASHERA/SOU WEST,false,1.75,7,20/09/2020
B-,Tate Kersley,Male,thin,SHAHBAD DAIRY/OUTER DISTRICT,false,1.9,66,16/10/2019
O+,Allin Davids,Male,normalmedium,KIRTI NAGAR/WEST,true,1.87,52,15/12/2021
AB-,Blinnie Drayson,Female,thin,SADAR BAZAR/NORTH,true,1.76,67,08/05/2019
AB+,Anders Woodus,Male,normalmedium,BAWANA/OUTER DISTRICT,true,1.94,3,05/06/2020
AB-,Nora Kenryd,Female,thin,OLD DELHI (DELHI MAIN) RLY. STN./RAILWAYS METRO,false,1.79,60,08/09/2020
B+,Aline Frosch,Male,strong,MUNDKA/WEST,false,1.67,82,11/10/2019
A+,Bernard MacDavitt,Female,thin,OKHLA INDUSTRIAL AREA/SOUTH- EAST,true,1.83,66,20/09/2020
B-,Jesselyn Walder,Male,thin,MUNDKA/WEST,true,1.66,31,21/12/2021
A+,Godfrey Lyne,Female,thin,OKHLA INDUSTRIAL AREA/SOUTH- EAST,true,1.8,36,27/02/2019
A+,Karin Belloch,Female,thin,PUL PRAHLAD PUR/SOUTH- EAST,true,1.76,64,30/06/2021
B+,Claudelle Groucock,Female,strong,DELHI CANTT/SOUTH WEST,false,1.81,75,01/12/2019
A+,Kellie McWilliam,Female,normalmedium,BHALSWA DAIRY/NORTH WEST,true,1.91,80,31/08/2019
B+,Gale Kingscott,Male,normalmedium,BHARAT NAGAR/NORTH WEST,false,1.87,2,26/08/2018
A+,Margit Dollar,Male,normalmedium,DWARKA SOUTH/SOUTH WEST,false,1.75,16,05/08/2019
AB+,Alexina Crain,Male,normalmedium,OLD DELHI (DELHI MAIN) RLY. STN./RAILWAYS METRO,true,1.86,41,25/02/2019
O-,Desmond D'Antuoni,Male,thin,NARELA/OUTER DISTRICT,false,1.89,88,18/03/2018
AB-,Jakie Pringell,Male,thin,BARAKHAMBA ROAD/NEW DELHI,true,1.84,82,19/02/2019
O+,Jerrold Hallums,Male,normalmedium,BAWANA/OUTER DISTRICT,true,1.66,59,22/06/2018
AB-,Rosetta Somersett,Male,normalmedium,JAIT PUR/SOUTH- EAST,true,1.82,46,04/11/2018
O+,Sarajane Lindermann,Male,normalmedium,RAJOURI GARDEN/WEST,true,1.84,64,08/07/2020
AB+,Cornie Henken,Male,normalmedium,SOUTH CAMPUS/SOUTH,true,1.86,27,25/05/2019
A+,Otho O'Duane,Male,thin,NARELA/OUTER DISTRICT,true,1.63,8,21/01/2020
AB-,Harley Bullan,Male,thin,MANDIR MARG/NEW DELHI,false,1.65,53,11/06/2018
A-,Jeniffer Tinker,Male,normalmedium,BAWANA/OUTER DISTRICT,true,1.62,10,09/02/2019
O+,Jerrold Rook,Male,normalmedium,BARAKHAMBA ROAD/NEW DELHI,false,1.92,39,16/01/2020
B+,Francine Rubee,Male,thin,MEHRAULI,true,1.82,13,05/09/2019
B-,Lyndsay Jaulmes,Male,thin,ANAND PARBAT/WEST,true,1.71,48,24/05/2018
AB+,Walt Maccrie,Male,normalmedium,BARAKHAMBA ROAD/NEW DELHI,true,1.95,53,08/09/2018
O-,Aubrie Dilliway,Male,normalmedium,KESHAV PURAM/NORTH WEST,true,1.8,8,31/12/2018
O-,Glenn McCann,Male,thin,KHYALA/WEST,true,1.86,64,25/07/2018
B-,Abelard Tummasutti,Male,thin,RANHOLA/WEST,true,1.74,23,13/05/2019
O-,Jobi Neads,Male,thin,KALYANPURI,false,1.89,55,06/04/2018
A-,Redd Bradnam,Male,thin,GEETA COLONY/EAST,true,1.74,65,02/05/2020
O-,Francisca Schwand,Male,thin,NEW ASHOK NAGAR/EAST,true,1.78,33,26/06/2020
AB+,Schuyler Rudd,Male,strong,KASHMERI GATE/NORTH,false,1.86,67,11/01/2019
O+,Bradly Jurick,Male,thin,KHYALA/WEST,true,1.9,16,28/10/2018
AB+,Sharla Reasun,Male,strong,RANHOLA/WEST,false,1.68,6,02/10/2018
AB+,Shauna Matthiae,Male,thin,GANDHI NAGAR/EAST,false,1.8,48,02/03/2020
B-,Sonya Degoix,Male,normalmedium,NARELA/OUTER DISTRICT,false,1.7,72,18/12/2021
AB-,Jessie Entres,Female,thin,OKHLA INDUSTRIAL AREA/SOUTH- EAST,false,1.86,78,12/01/2019
O+,Tamas Beche,Female,thin,KRISHNA NAGAR/EAST,true,1.92,70,16/09/2021
B-,Bella Betterton,Female,normalmedium,K.N. KATJU MARG/OUTER DISTRICT,true,1.7,46,14/03/2018
O+,Anthony Stodit,Female,normalmedium,KHYALA/WEST,false,1.71,3,26/02/2018
B-,Tait Dericot,Female,thin,RANHOLA/WEST,false,1.71,80,25/08/2018
A+,Fonsie Lanfranchi,Female,strong,KALYANPURI,true,1.9,61,08/10/2018
A-,Fanchette Dennes,Female,strong,KALYANPURI,true,1.87,82,03/12/2018
O+,Jessalin Yanukhin,Female,normalmedium,GHAZIPUR/EAST,false,1.87,7,14/09/2020
AB+,Tiffani Cordeux,Male,strong,KIRTI NAGAR/WEST,true,1.93,85,07/11/2019
AB+,Mavis Grancher,Male,thin,NARELA/OUTER DISTRICT,false,1.96,11,20/08/2018
A+,Rosita O'Kane,Male,normalmedium,KALYANPURI,false,1.93,52,02/03/2020
AB-,Faber Baldry,Male,strong,KAROL BAGH/CENTRAL,false,1.85,76,09/09/2018
B+,Stacie Darwood,Male,thin,MEHRAULI,true,1.7,10,12/09/2019
B-,Rosco Goldie,Male,normalmedium,NABI KARIM,true,1.91,21,08/08/2020
A-,Prudi Risebarer,Male,thin,MEHRAULI,false,1.83,67,05/12/2020
B-,Rheta Etches,Male,normalmedium,RAJOURI GARDEN/WEST,true,1.95,23,31/07/2021
AB+,Dyanna Cortese,Female,normalmedium,RAJOURI GARDEN/WEST,false,1.95,21,14/02/2019
AB+,Hendrick Algore,Female,normalmedium,JYOTI NAGAR/NORTH EAST,true,1.82,42,10/12/2020
O-,Tabina Whettleton,Male,thin,KANJHAWALA/O DISTRICT,false,1.77,88,29/08/2019
AB+,Gayle Tembridge,Male,thin,BEGUM PUR/OUTER DISTRICT,false,1.82,42,28/06/2021
O+,Kennedy Longfield,Male,normalmedium,BABA HARIDAS NAGAR/SOUTH WEST,false,1.74,60,15/07/2021
AB+,Gerry Mycroft,Female,thin,NABI KARIM,false,1.76,49,02/05/2021
A-,Wendall Cajkler,Female,thin,SULTANPURI/OUT DISTRICT,true,1.75,8,10/06/2021
B+,Davin Aberdein,Female,normalmedium,CIVIL LINES/NORTH,false,1.81,69,14/07/2020
AB+,Shirline Matyasik,Female,muscular,MOTI NAGAR/WEST,true,1.95,34,08/03/2020
O+,Lelah Blackey,Female,strong,HAZRAT NIZAMUDDIN RLY STN/RAILWAYS METRO,false,1.64,5,21/02/2021
B+,Natalie Barrie,Female,thin,SWAROOP NAGAR/NORTH WEST,false,1.67,79,10/10/2021
O-,Frank Westhead,Female,thin,SAMAIPUR BADLI/OUTER DISTRICT,true,1.67,29,29/07/2018
A-,Beck Conway,Female,normalmedium,AMAN VIHAR/OUTER DISTRICT,true,1.68,78,15/10/2019
B-,Adeline Chilver,Male,normalmedium,G.T.B. ENCLAVE/NORTH EAST,false,1.85,24,06/04/2021
B+,Latashia Yole,Male,thin,GANDHI NAGAR/EAST,true,1.64,50,12/04/2021
AB-,Laurianne Jopp,Male,strong,VIJAY VIHAR/OUTER DISTRICT,true,1.85,18,29/06/2019
AB-,Ivie Gloucester,Female,strong,SEELAMPUR/NOR EAST,false,1.64,18,16/09/2020
B-,Haroun Harlowe,Female,thin,HAUZ KHAS/SOUTH,true,1.77,57,19/05/2018
AB-,Virgina Moohan,Male,normalmedium,SECTOR 23 DWARKA/SOUTH WEST,false,1.74,33,05/09/2019
AB-,Francklin Zmitruk,Female,normalmedium,HAUZ KHAS/SOUTH,false,1.78,60,03/01/2019
B-,Ailina Zanetello,Male,strong,SECTOR 23 DWARKA/SOUTH WEST,true,1.62,69,12/08/2020
B+,Caspar Fear,Male,normalmedium,SARITA VIHAR/SOUTH- EAST,true,1.88,36,23/06/2020
O+,Katee Guerrazzi,Female,normalmedium,VIJAY VIHAR/OUTER DISTRICT,true,1.64,1,14/08/2018
AB-,Lurleen Verring,Male,thin,MUKHERJEE NAGAR/NORTH WEST,true,1.63,85,07/12/2021
O-,Clary Scholling,Male,thin,BURARI/NORTH,false,1.87,82,04/07/2018
AB-,Rochette Hansom,Female,thin,SHAHBAD DAIRY/OUTER DISTRICT,false,1.72,45,27/02/2021
O-,Way Neaverson,Female,thin,SHAHBAD DAIRY/OUTER DISTRICT,true,1.61,26,17/05/2018
AB+,Xenos Bennison,Female,thin,SEELAMPUR/NOR EAST,true,1.74,9,02/11/2020
B-,Lidia Caush,Male,thin,DWARKA NORTH/SOUTH WEST,true,1.83,19,14/06/2020
A+,Seamus Sandyfirth,Male,strong,SAMAIPUR BADLI/OUTER DISTRICT,true,1.66,77,06/08/2020
A+,Karl Killingworth,Male,normalmedium,WELCOME/NORT EAST,false,1.83,65,28/01/2020
O-,Dorella Matskiv,Male,strong,NARELA/OUTER DISTRICT,true,1.96,10,03/02/2021
B+,Quint O'Rowane,Male,normalmedium,UTTAM NAGAR/WEST,false,1.79,51,11/11/2018
B-,Ulrick Pohlke,Male,thin,NAND NAGRI/NORTH EAST,false,1.81,43,22/06/2018
AB+,Bernie Hebblewaite,Male,normalmedium,SAMAIPUR BADLI/OUTER DISTRICT,false,1.62,31,11/04/2020
A+,Harriett Wozencraft,Male,thin,ANAND VIHAR RLY STN/RAILWAYS METRO,false,1.81,38,09/09/2018
O-,Ennis Dorbon,Male,normalmedium,KAPASHERA/SOU WEST,true,1.64,25,16/05/2021
AB+,Vevay Cardozo,Male,thin,BHALSWA DAIRY/NORTH WEST,false,1.87,19,24/03/2020
B-,Asa Richardes,Male,thin,HARSH VIHAR/NORTH EAST,false,1.75,21,08/02/2020
O+,Bjorn Flori,Male,thin,NARAINA/SOUTH WEST,true,1.74,25,05/11/2018
B+,Susana Hallede,Male,thin,SEEMAPURI/NOR EAST,false,1.8,79,27/04/2020
A-,Welch Vedyaev,Male,normalmedium,SHAHDARA/NOR EAST,false,1.84,48,18/05/2021
AB+,Diane-marie Gwilliam,Male,normalmedium,JAFRABAD/NORT EAST,false,1.66,65,12/05/2021
O+,Francyne Crossan,Male,strong,KHYALA/WEST,false,1.79,18,05/05/2020
O-,Marcela Barkhouse,Male,normalmedium,BHAJAN PURA/NORTH EAST,true,1.77,20,09/03/2018
AB+,Dynah Ilbert,Male,thin,MAHENDRA PARK/NORTH WEST,false,1.61,40,26/07/2018
O-,Audrye Stollwerk,Male,normalmedium,MANGOL PURI/OUTER DISTRICT,true,1.68,9,15/05/2019
AB+,Jodi Hutcheon,Male,normalmedium,HARSH VIHAR/NORTH EAST,false,1.78,67,29/04/2020
AB+,Lotti Chivrall,Male,normalmedium,SUBZI MANDI/NORTH,true,1.93,68,24/08/2020
AB-,Sibella Piletic,Male,normalmedium,CRIME RAILWAY/RAILWA METRO,false,1.84,66,13/08/2021
AB+,Cecily Tilberry,Male,normalmedium,PALAM VILLAGE/SOUTH WEST,true,1.74,41,04/08/2020
O-,Carr Robken,Male,thin,KHAJURI KHAS/NORTH EAST,false,1.64,81,21/06/2018
AB-,Samson Karpman,Male,thin,RANHOLA/WEST,true,1.89,70,20/05/2018
O-,Quinlan Rummings,Male,normalmedium,NABI KARIM,false,1.62,42,09/05/2020
A+,Hube Rushe,Male,normalmedium,BEGUM PUR/OUTER DISTRICT,true,1.9,5,01/10/2019
O+,Kass Cunio,Male,normalmedium,JAFRABAD/NORT EAST,false,1.68,43,12/06/2020
O+,Halette Morford,Male,thin,SAMAIPUR BADLI/OUTER DISTRICT,true,1.77,49,30/05/2019
AB+,Thomasina Ffrench,Male,normalmedium,BARA HINDU RAO/NORTH,true,1.62,18,21/12/2020
B-,Corina Gwyllt,Male,strong,HAZRAT NIZAMUDDIN RLY STN/RAILWAYS METRO,true,1.92,17,20/03/2019
O-,Jarid Tapper,Male,normalmedium,K.M. PUR/SOUTH,true,1.94,86,21/08/2020
B+,Ailyn Myford,Male,thin,SHAKARPUR,true,1.95,69,09/05/2019
O-,Nolly Reford,Male,normalmedium,NEW USMANPUR/NOR EAST,false,1.67,86,22/06/2020
B-,Ernst Rosenblum,Male,normalmedium,BHARAT NAGAR/NORTH WEST,false,1.87,80,18/12/2020
B-,Debbie Cleynaert,Male,thin,JYOTI NAGAR/NORTH EAST,true,1.68,31,16/09/2018
AB+,Thalia Gowman,Male,normalmedium,LAHORI GATE/NORTH,true,1.8,11,28/10/2020
O+,Dallis Gobeaux,Male,thin,MEHRAULI,false,1.72,46,27/08/2018
B+,Fernando Palfrie,Male,thin,GHAZIPUR/EAST,false,1.78,32,30/04/2019
A+,Celinda Porritt,Male,thin,FARSH BAZAR/EAST,false,1.89,11,29/05/2018
AB+,Jordana Ivanaev,Male,thin,HARI NAGAR/WEST,false,1.68,86,10/02/2018
B+,Lilly Terese,Male,normalmedium,MAYUR VIHAR PH- I/EAST,false,1.64,7,21/11/2018
A+,Nissa Collinge,Male,normalmedium,SEELAMPUR/NOR EAST,false,1.64,89,22/03/2018
AB+,Jennica Ezzell,Male,normalmedium,KALYANPURI,false,1.9,68,14/01/2019
AB+,Albertina Scrivner,Male,strong,PUL PRAHLAD PUR/SOUTH- EAST,false,1.79,21,06/03/2021
O-,Pearline Toe,Male,strong,MEHRAULI,true,1.86,34,04/01/2021
B-,Nydia Woollons,Male,thin,NABI KARIM,false,1.68,14,29/05/2020
A+,Casie Pingston,Male,normalmedium,HAZARAT NIZAMUDDIN/SO EAST,true,1.94,51,23/12/2020
B-,Meyer Kimberly,Male,normalmedium,SAFDARJUNG ENCLAVE,true,1.79,48,15/10/2021
A+,Spenser Raggatt,Male,normalmedium,NORTH ROHINI/OUTER DISTRICT,false,1.75,20,01/03/2018
A-,Cary Deeming,Male,normalmedium,RANJIT NAGAR,true,1.85,87,14/04/2021
B-,Skye MacNalley,Male,normalmedium,NEB SARAI/SOUTH,true,1.71,64,02/02/2020
AB+,Brenna Taynton,Male,thin,SARAI ROHILLA/NORTH,true,1.8,51,13/06/2018
AB+,Frederique Roubert,Male,normalmedium,BURARI/NORTH,true,1.73,55,30/06/2020
B-,Allissa Chevers,Male,thin,KARAWAL NAGAR/NORTH EAST,true,1.76,39,24/10/2018
A-,Garfield L'Episcopio,Male,thin,KHAJURI KHAS/NORTH EAST,false,1.94,43,18/09/2019
O+,Payton Smaleman,Male,thin,MUNDKA/WEST,false,1.79,4,28/10/2020
A+,Brittni Hargreave,Male,normalmedium,NAND NAGRI/NORTH EAST,false,1.84,31,03/02/2018
A+,Harlie Prichard,Male,strong,KALKAJI/SOUTH- EAST,false,1.87,78,08/04/2018
AB-,Clifford Bridgestock,Male,normalmedium,CHHAWALA/SOU WEST,true,1.71,46,18/10/2020
A+,Grace Thicking,Male,thin,MEHRAULI,false,1.75,5,25/06/2018
AB+,Sherri Van T'Hoog,Male,thin,NAND NAGRI/NORTH EAST,false,1.93,11,14/03/2020
AB+,Lizzy Grzelewski,Male,thin,AMAR COLONY/SOUTH- EAST,true,1.84,54,13/02/2021
A+,Gerrie Mac,Male,thin,SAMAIPUR BADLI/OUTER DISTRICT,true,1.66,9,04/02/2019
A+,Reagen Romei,Male,thin,NEW FRIENDS COLONY/SOUTH- EAST,false,1.8,23,13/04/2020
AB-,Breanne Menendez,Male,thin,JAGAT PURI/EAST,true,1.91,34,20/07/2018
B+,Ed Fealty,Male,thin,KALYANPURI,false,1.9,9,17/12/2019
AB-,Reinold Cavaney,Male,normalmedium,LAHORI GATE/NORTH,false,1.71,87,28/08/2021
O-,Abbie Fallens,Male,thin,WELCOME/NORT EAST,true,1.96,56,11/12/2021
B-,Lind Prigmore,Male,normalmedium,SANGAM VIHAR/SOUTH- EAST,true,1.84,49,10/01/2021
B-,Marketa Nutty,Male,thin,HARSH VIHAR/NORTH EAST,false,1.8,66,25/06/2021
AB-,Corene McKennan,Male,thin,DELHI CANTT/SOUTH WEST,true,1.72,81,16/12/2019
O-,Sollie Franchyonok,Male,normalmedium,MEHRAULI,false,1.92,43,10/01/2021
AB+,Belia Heller,Male,normalmedium,RANHOLA/WEST,true,1.65,66,15/07/2018
O+,Susana Dubois,Male,normalmedium,PASCHIM VIHAR/WEST,false,1.73,69,10/05/2019
A+,Chic Jerzycowski,Male,strong,MADHU VIHAR/EAST,true,1.89,19,04/05/2019
O-,Haskell Sabbin,Male,normalmedium,NARELA/OUTER DISTRICT,true,1.67,18,08/03/2021
B-,Charity Romi,Male,strong,UTTAM NAGAR/WEST,false,1.85,9,29/08/2020
B+,Darlleen Frosch,Male,normalmedium,KHYALA/WEST,false,1.62,47,06/03/2020
A+,Carolin Adkin,Male,thin,NAND NAGRI/NORTH EAST,true,1.68,85,24/09/2021
A-,Josephine Kobel,Male,normalmedium,KHYALA/WEST,false,1.62,2,22/01/2021
B-,Bret Saywood,Male,strong,MEHRAULI,false,1.67,37,12/11/2019
B-,Kacie Nanetti,Male,normalmedium,GANDHI NAGAR/EAST,false,1.94,65,18/01/2021
A-,Neysa Couling,Male,thin,MALVIYA NAGAR/SOUTH,false,1.81,21,03/07/2019
A+,Northrup Martinello,Male,strong,NARELA/OUTER DISTRICT,true,1.68,27,16/08/2019
AB-,Burk Varden,Male,normalmedium,SHAKARPUR,true,1.77,72,30/07/2020
B+,Fancie Shepheard,Male,thin,NEW USMANPUR/NOR EAST,false,1.64,72,27/08/2020
B+,Carson Rosenwasser,Male,thin,GANDHI NAGAR/EAST,false,1.73,6,24/07/2021
B-,Amanda Charker,Male,thin,KAROL BAGH/CENTRAL,false,1.73,9,02/05/2019
AB-,Cornall Horsell,Male,,SHAKARPUR,true,1.86,68,05/04/2021
B+,Lynett Werlock,Male,thin,FATEHPUR BERI/SOUTH,true,1.68,40,11/10/2020
B+,Asia Adrianello,Male,thin,OKHLA INDUSTRIAL AREA/SOUTH- EAST,true,1.83,69,12/11/2020
AB+,Edyth Grafton-Herbert,Male,thin,NARELA/OUTER DISTRICT,false,1.69,89,03/12/2018
B+,Tiffany Bridywater,Male,strong,HAZRAT NIZAMUDDIN RLY STN/RAILWAYS METRO,false,1.66,89,09/02/2019
B+,Elly Ogelbe,Male,thin,I.P.ESTATE,false,1.77,69,07/11/2018
B+,Denise Conville,Male,thin,BURARI/NORTH,true,1.95,29,12/05/2019
A-,Rockwell Pre,Male,normalmedium,ANAND PARBAT/WEST,true,1.69,89,29/10/2019
AB+,Innis Matus,Male,thin,PAHAR GANJ/CENTRAL,false,1.74,46,28/05/2019
O-,Carolynn Gabala,Male,normalmedium,SUBZI MANDI/NORTH,false,1.73,88,11/09/2021
AB-,Jo Magor,Male,thin,SANGAM VIHAR/SOUTH- EAST,true,1.63,78,01/09/2020
AB-,Alastair Wloch,Male,muscular,SANGAM VIHAR/SOUTH- EAST,false,1.92,87,01/11/2021
A-,Loreen Paddle,Male,thin,AMAN VIHAR/OUTER DISTRICT,true,1.86,78,23/09/2018
B+,Dareen Gaymer,Male,thin,BEGUM PUR/OUTER DISTRICT,true,1.86,86,25/12/2020
A+,Gene Gother,Male,thin,AMAN VIHAR/OUTER DISTRICT,false,1.88,56,05/03/2021
B-,Dido Sieve,Male,normalmedium,AMAN VIHAR/OUTER DISTRICT,true,1.72,43,09/03/2021
A+,Padraic McKelvey,Male,thin,AMAN VIHAR/OUTER DISTRICT,true,1.91,62,18/04/2019
AB+,Kirstin Barwell,Male,normalmedium,AMAN VIHAR/OUTER DISTRICT,false,1.67,11,04/04/2018
AB+,Lira Cottell,Male,thin,MAHENDRA PARK/NORTH WEST,true,1.69,5,09/04/2019
B+,Jessey Garstan,Male,normalmedium,SHAHBAD DAIRY/OUTER DISTRICT,false,1.73,52,28/08/2019
B+,Ulises Sapey,Male,normalmedium,PALAM VILLAGE/SOUTH WEST,true,1.74,10,24/07/2018
AB+,Korella Rolfe,Male,thin,DABRI/SOUTH WEST,false,1.72,11,08/11/2020
B-,Stacey Dalby,Male,thin,JAHANGIR PURI/NORTH WEST,false,1.67,46,13/11/2019
B+,Ev Norway,Male,thin,SUBHASH PLACE/NORTH WEST,false,1.69,9,20/07/2019
AB+,Aksel Camosso,Male,strong,MEHRAULI,false,1.66,40,03/06/2021
A-,Barde Raulin,Male,thin,WELCOME/NORT EAST,false,1.62,79,23/09/2019
B-,Doralynne McCreath,Male,normalmedium,RANI BAGH/NORTH WEST,false,1.69,39,07/04/2019
A+,Caty Alastair,Male,normalmedium,MUKHERJEE NAGAR/NORTH WEST,false,1.92,5,05/10/2018
A+,Heda Wimlet,Male,normalmedium,VIJAY VIHAR/OUTER DISTRICT,false,1.7,28,22/03/2020
B+,Selle Duff,Male,thin,ALIPUR/OUTER DISTRICT,false,1.9,67,18/03/2019
B-,Leone Glaister,Male,strong,SWAROOP NAGAR/NORTH WEST,true,1.67,31,16/03/2019
AB-,Lilias Edridge,Male,normalmedium,ADARSH NAGAR/NORTH WEST,false,1.62,32,05/03/2021
AB-,Bobby Gersam,Male,normalmedium,SWAROOP NAGAR/NORTH WEST,false,1.89,3,01/10/2020
O+,Berny Battlestone,Male,normalmedium,RANHOLA/WEST,true,1.63,36,17/04/2021
O+,Lil Reasun,Male,thin,AMAN VIHAR/OUTER DISTRICT,false,1.68,26,25/11/2021
A-,Harlie Grahl,Male,normalmedium,KAPASHERA/SOU WEST,true,1.89,43,07/08/2021
B-,Minni Joderli,Male,thin,KRISHNA NAGAR/EAST,false,1.73,52,22/01/2018
A+,Enriqueta Emsden,Male,normalmedium,PRASAD NAGAR,false,1.87,10,06/05/2018
A-,Vanna Ducket,Male,normalmedium,KRISHNA NAGAR/EAST,true,1.78,86,03/05/2018
B+,Rodger Scahill,Male,thin,HAUZ KHAS/SOUTH,true,1.71,81,12/02/2019
O-,Emmaline Wicklen,Male,thin,KRISHNA NAGAR/EAST,true,1.83,44,30/03/2019
AB+,Augustin Rowen,Male,normalmedium,ALIPUR/OUTER DISTRICT,false,1.74,65,19/03/2021
O-,Lorette Defty,Male,strong,NORTH ROHINI/OUTER DISTRICT,true,1.65,66,08/08/2021
B+,Constancy Riddick,Male,strong,NARELA/OUTER DISTRICT,true,1.84,54,24/10/2021
A-,Hetty Matchett,Male,thin,NARELA/OUTER DISTRICT,false,1.9,64,16/05/2019
B+,Manolo Dy,Male,normalmedium,NEW DELHI RLY. STN./RAILWAYS METRO,true,1.71,6,27/03/2019
B+,Christin Kobierzycki,Male,fat,VIJAY VIHAR/OUTER DISTRICT,true,1.91,76,25/12/2020
A-,Maura McCorkindale,Male,strong,MEHRAULI,true,1.75,65,26/09/2021
A-,Isaak Fisbey,Male,thin,MEHRAULI,true,1.93,42,21/04/2018
B-,Benny Lillecrop,Male,normalmedium,RANJIT NAGAR,true,1.75,29,04/10/2018
A-,Randi Mardlin,Male,fat,SAMAIPUR BADLI/OUTER DISTRICT,false,1.86,42,18/07/2021
AB-,Celka Grogor,Male,normalmedium,NANGLOI/WEST,false,1.8,17,05/06/2020
AB-,Kenny Domek,Male,normalmedium,BEGUM PUR/OUTER DISTRICT,false,1.87,60,02/09/2021
A-,Elspeth Gatsby,Male,normalmedium,YAMUNA VHR/GOKULPURI/ EAST,false,1.79,79,24/02/2018
O+,Caro Bresland,Male,normalmedium,DELHI CANTT/SOUTH WEST,true,1.9,26,26/09/2018
AB+,Wang Merner,Male,thin,KAPASHERA/SOU WEST,false,1.78,32,09/04/2020
O-,Felicle Paik,Male,normalmedium,VIJAY VIHAR/OUTER DISTRICT,true,1.74,5,23/02/2018
B-,Freddy Purse,Male,thin,JAMIA NAGAR/SOUTH- EAST,true,1.71,14,15/02/2018
AB-,Ethyl McGrann,Male,normalmedium,HAUZ KHAS/SOUTH,false,1.8,35,06/02/2019
O+,Hyacinthie Wyeld,Male,normalmedium,KALKAJI/SOUTH- EAST,true,1.89,24,18/03/2019
A+,Nissy Cattlow,Male,thin,SADAR BAZAR/NORTH,true,1.89,9,19/03/2019
O-,Ros Gawkes,Male,thin,RANHOLA/WEST,true,1.71,34,04/07/2019
AB-,Willi MacGragh,Male,normalmedium,DWARKA NORTH/SOUTH WEST,false,1.91,39,19/08/2018
O+,Osbourne Bourhill,Male,normalmedium,NARELA/OUTER DISTRICT,true,1.9,56,05/01/2018
AB-,Madge Ivanovic,Male,normalmedium,BADARPUR/SOUT EAST,false,1.64,62,26/07/2020
A+,Dulsea Harness,Male,strong,YAMUNA VHR/GOKULPURI/ EAST,true,1.96,22,06/01/2019
B-,Robers Shallow,Male,thin,NARELA/OUTER DISTRICT,false,1.75,46,15/03/2020
A-,Cori Gilluley,Male,thin,MEHRAULI,true,1.74,27,02/10/2021
A-,Efren Skilbeck,Male,strong,KHYALA/WEST,false,1.8,81,09/02/2020
B+,Pearl Maylott,Male,thin,SHAKARPUR,false,1.8,65,14/08/2019
A+,Glori Marritt,Male,fat,NAND NAGRI/NORTH EAST,true,1.9,6,19/11/2018
AB-,Bram Mohamed,Male,normalmedium,BABA HARIDAS NAGAR/SOUTH WEST,true,1.65,30,19/12/2021
A+,James Bloodworthe,Male,normalmedium,NAND NAGRI/NORTH EAST,true,1.89,84,10/09/2020
B+,Zacherie Silly,Male,normalmedium,FATEHPUR BERI/SOUTH,true,1.74,47,10/09/2018
B-,Donnamarie Bradfield,Male,thin,NABI KARIM,true,1.75,37,02/12/2018
AB-,Reinald Wellbelove,Male,normalmedium,JAGAT PURI/EAST,true,1.83,77,24/06/2019
B+,Alaine Folk,Male,normalmedium,ROOP NAGAR/NORTH,true,1.74,32,24/07/2018
B+,Valenka Lownds,Male,normalmedium,CHHAWALA/SOU WEST,true,1.63,81,12/01/2020
AB+,Lyn Antoniades,Male,thin,ALIPUR/OUTER DISTRICT,false,1.72,39,25/06/2019
B+,Lexine Jonathon,Male,normalmedium,ALIPUR/OUTER DISTRICT,true,1.61,57,27/12/2019
O-,Jacynth Pietrowicz,Male,strong,CHANDNI MAHAL,true,1.68,46,11/01/2019
B+,Jodee Wilkowski,Male,strong,JANAK PURI/WEST,false,1.79,4,18/04/2021
AB-,Roberta Marcoolyn,Male,,MIANWALI NAGAR/WEST,true,1.65,4,14/07/2021
A+,Jean Gheorghescu,Male,thin,MEHRAULI,false,1.66,5,22/07/2020
AB-,Dennie Castillon,Male,normalmedium,MEHRAULI,true,1.95,50,14/04/2019
AB-,Hadria Camili,Male,normalmedium,MUKHERJEE NAGAR/NORTH WEST,false,1.88,87,20/04/2019
A-,Zachariah Schutter,Male,normalmedium,MUKHERJEE NAGAR/NORTH WEST,false,1.62,35,06/11/2021
B+,Cassey Haldon,Male,normalmedium,KARAWAL NAGAR/NORTH EAST,false,1.81,60,22/12/2021
B-,Paulie Marmion,Male,strong,MUKHERJEE NAGAR/NORTH WEST,false,1.62,28,06/09/2018
A+,Lyndel Drewitt,Male,normalmedium,MUKHERJEE NAGAR/NORTH WEST,true,1.83,62,15/05/2018
A+,Hillery Moxley,Male,normalmedium,KHAJURI KHAS/NORTH EAST,false,1.63,44,04/08/2021
A-,Lotti Antonellini,Male,thin,NEB SARAI/SOUTH,true,1.91,32,25/03/2021
AB-,Levi Bolgar,Male,thin,WELCOME/NORT EAST,false,1.63,11,11/03/2020
A+,Nalani Pantridge,Male,normalmedium,SADAR BAZAR/NORTH,false,1.78,13,13/07/2021
A-,Bev Ohanessian,Male,thin,SWAROOP NAGAR/NORTH WEST,false,1.93,48,08/06/2020
B+,Baily Eilhersen,Male,normalmedium,FATEHPUR BERI/SOUTH,true,1.84,84,10/01/2021
B+,Leigh Ginty,Male,thin,RANJIT NAGAR,false,1.62,74,06/01/2018
AB-,Tessy Ends,Male,normalmedium,NEB SARAI/SOUTH,false,1.91,40,03/09/2019
B+,Leyla Beadman,Male,thin,GANDHI NAGAR/EAST,true,1.67,43,21/10/2021
O-,Wendi Nance,Male,thin,KALYANPURI,false,1.93,82,02/12/2019
A+,Morgun Albery,Male,normalmedium,NAND NAGRI/NORTH EAST,false,1.83,58,15/05/2018
B-,Bard Egel,Male,strong,VIVEK VIHAR/EAST,false,1.77,64,08/08/2019
AB+,Marna Gimber,Male,strong,RANJIT NAGAR,false,1.74,67,24/05/2019
O-,Matthiew Robelow,Male,thin,MAYA PURI/WEST,false,1.84,85,13/10/2019
B-,Claybourne Goldsberry,Male,thin,NAND NAGRI/NORTH EAST,false,1.71,33,16/03/2021
B+,Alanna Dulanty,Male,,HAZRAT NIZAMUDDIN RLY STN/RAILWAYS METRO,true,1.84,59,13/07/2019
A+,Vilma Rickardes,Male,thin,GANDHI NAGAR/EAST,true,1.89,17,01/03/2018
O+,Orelee Alenshev,Male,normalmedium,NEW USMANPUR/NOR EAST,false,1.87,29,17/09/2018
O+,Benn McVitty,Male,thin,UTTAM NAGAR/WEST,true,1.63,17,17/09/2021
O-,Feliza Thorius,Male,normalmedium,SHAHBAD DAIRY/OUTER DISTRICT,true,1.65,7,15/08/2019
B-,Phyllida Pitone,Male,normalmedium,SEELAMPUR/NOR EAST,false,1.91,41,25/03/2021
O-,Tobe Swindon,Male,thin,SANGAM VIHAR/SOUTH- EAST,true,1.62,51,04/07/2019
A-,Darius Fullerton,Male,normalmedium,MANGOL PURI/OUTER DISTRICT,false,1.75,37,30/04/2020
B-,Rayner Gregoletti,Male,thin,JAIT PUR/SOUTH- EAST,true,1.68,38,26/08/2021
A-,Wit Conner,Male,thin,MANGOL PURI/OUTER DISTRICT,false,1.7,34,31/12/2020
AB+,Rolland Worgen,Male,normalmedium,SHAHBAD DAIRY/OUTER DISTRICT,true,1.93,23,08/08/2019
AB+,Lannie Swindon,Male,thin,SEELAMPUR/NOR EAST,false,1.9,76,06/06/2021
AB+,Hunter Loudyan,Male,normalmedium,NABI KARIM,true,1.89,9,02/02/2019
B-,Roxine Monro,Male,thin,SEELAMPUR/NOR EAST,false,1.93,72,02/04/2020
A-,Patti Kinsey,Male,normalmedium,SAMAIPUR BADLI/OUTER DISTRICT,true,1.62,58,16/07/2019
AB+,Arlena Skull,Male,normalmedium,RANHOLA/WEST,false,1.75,85,10/04/2021
AB+,Agnola Mattevi,Male,fat,CHHAWALA/SOU WEST,false,1.78,27,28/10/2020
A+,Cordula Brabon,Male,normalmedium,UTTAM NAGAR/WEST,false,1.74,81,08/11/2020
AB+,Abagail Gon,Male,normalmedium,FARSH BAZAR/EAST,true,1.85,59,30/12/2019
O-,Ryann Hegley,Male,thin,BAWANA/OUTER DISTRICT,true,1.79,48,13/11/2020
B+,Felizio Roke,Male,normalmedium,BURARI/NORTH,true,1.96,77,18/11/2020
AB-,Terri-jo Gillespie,Male,normalmedium,NEW USMANPUR/NOR EAST,true,1.84,27,18/06/2019
AB-,Duky Tadd,Male,normalmedium,HARI NAGAR/WEST,false,1.71,17,08/02/2018
A+,Kamilah Griffiths,Male,thin,HARI NAGAR/WEST,false,1.73,85,23/04/2021
B-,Mersey Meach,Male,normalmedium,JYOTI NAGAR/NORTH EAST,false,1.68,23,30/11/2018
AB+,Morissa Pearsey,Male,normalmedium,HAZARAT NIZAMUDDIN/SO EAST,false,1.9,68,04/04/2018
A-,Jessamyn Gibbieson,Male,normalmedium,NEW ASHOK NAGAR/EAST,false,1.95,88,27/01/2020
AB+,Piggy Hursey,Male,thin,CIVIL LINES/NORTH,false,1.89,82,16/01/2020
B-,Andrus Viscovi,Male,thin,KASHMERI GATE/NORTH,false,1.7,2,16/01/2020
AB-,Laurie Lednor,Male,normalmedium,NEB SARAI/SOUTH,false,1.87,59,19/10/2018
AB+,Nada Friday,Male,normalmedium,BARAKHAMBA ROAD/NEW DELHI,true,1.73,81,11/03/2018
AB-,Magdalena Mushrow,Male,normalmedium,BARAKHAMBA ROAD/NEW DELHI,true,1.85,6,12/02/2020
AB+,Rodger Brotherheed,Male,normalmedium,OLD DELHI (DELHI MAIN) RLY. STN./RAILWAYS METRO,true,1.86,79,12/02/2020
AB+,Arturo Gaishson,Male,normalmedium,SEELAMPUR/NOR EAST,false,1.76,10,03/09/2020
AB-,Ebonee Carine,Male,thin,KRISHNA NAGAR/EAST,false,1.83,81,24/03/2020
B+,Brinna Devonside,Male,thin,GANDHI NAGAR/EAST,false,1.63,87,13/04/2018
B+,Natalie Yvon,Male,thin,JAIT PUR/SOUTH- EAST,true,1.75,4,15/12/2020
AB-,Meryl Mingame,Male,normalmedium,ANAND VIHAR/EAST,true,1.94,57,21/11/2018
O-,Annissa Ferrino,Male,normalmedium,RANHOLA/WEST,true,1.63,69,22/10/2018
O+,Filberte Teodoro,Male,thin,RANHOLA/WEST,false,1.88,3,31/12/2020
AB+,Lucine Airlie,Male,thin,NEW USMANPUR/NOR EAST,true,1.77,64,27/01/2018
B-,Selig Gemlett,Male,normalmedium,SHAHBAD DAIRY/OUTER DISTRICT,true,1.86,71,20/11/2019
O-,Newton Tryhorn,Male,fat,JAIT PUR/SOUTH- EAST,false,1.65,41,13/11/2019
O+,Keefer cornhill,Male,thin,JYOTI NAGAR/NORTH EAST,false,1.69,38,12/05/2021
B+,Reine Karpf,Male,thin,SULTANPURI/OUT DISTRICT,true,1.94,82,26/09/2018
O-,Dara Jorez,Male,thin,KESHAV PURAM/NORTH WEST,false,1.93,68,05/08/2020
A-,Stephana Crackett,Male,thin,KALYANPURI,true,1.68,32,02/12/2018
O-,Aubree Winslett,Male,thin,JYOTI NAGAR/NORTH EAST,false,1.68,39,20/01/2020
AB-,Augusta Maydway,Male,strong,KASHMERI GATE/NORTH,true,1.92,40,16/05/2019
AB+,Annemarie Molyneux,Male,thin,DWARKA NORTH/SOUTH WEST,true,1.72,64,12/12/2019
AB+,Leeann Hiers,Male,strong,GOVIND PURI/SOUTH- EAST,true,1.68,12,29/05/2019
O-,Rutger Atterley,Male,muscular,SAMAIPUR BADLI/OUTER DISTRICT,true,1.96,5,31/08/2020
AB+,Turner Quadrio,Male,normalmedium,BADARPUR/SOUT EAST,true,1.79,7,17/07/2020
AB-,Alanson Winterburn,Male,thin,FARSH BAZAR/EAST,false,1.91,33,29/08/2020
A-,Melinda Andries,Male,normalmedium,KALYANPURI,false,1.7,52,07/06/2020
O+,Brady Jerok,Male,thin,AMAN VIHAR/OUTER DISTRICT,false,1.61,62,17/09/2020
AB-,Lawton Bassill,Male,normalmedium,G.T.B. ENCLAVE/NORTH EAST,false,1.88,49,03/09/2018
B+,Tabbie Vassay,Male,normalmedium,NEW ASHOK NAGAR/EAST,false,1.81,37,31/07/2021
AB-,Caryn Brentnall,Male,normalmedium,NEW ASHOK NAGAR/EAST,false,1.91,7,12/12/2018
B+,Garrik Starford,Male,normalmedium,INDER PURI/SOUTH WEST,true,1.8,76,26/05/2019
O-,Pennie Clohessy,Male,thin,GHAZIPUR/EAST,false,1.88,39,09/12/2020
B-,Kerby Mulvany,Male,thin,SWAROOP NAGAR/NORTH WEST,false,1.81,20,19/08/2019
A-,Francine Brum,Male,thin,AMAN VIHAR/OUTER DISTRICT,true,1.61,79,21/08/2019
O-,Gabrielle Brickham,Male,thin,KALYANPURI,true,1.72,51,19/03/2020
B+,Merla Decreuze,Male,normalmedium,SAFDARJUNG ENCLAVE,false,1.66,17,14/02/2019
AB-,Sybille Haseman,Male,thin,KHYALA/WEST,true,1.71,55,26/09/2019
O-,Aidan Van Bruggen,Male,thin,UTTAM NAGAR/WEST,false,1.78,55,26/10/2019
O+,Lizzy Bratten,Male,normalmedium,OLD DELHI (DELHI MAIN) RLY. STN./RAILWAYS METRO,true,1.8,42,16/10/2020
B-,Mattias Balham,Male,normalmedium,MADHU VIHAR/EAST,false,1.93,73,30/01/2021
A-,Artus Willis,Male,normalmedium,SANGAM VIHAR/SOUTH- EAST,true,1.62,11,25/07/2018
A-,Arnuad Baseley,Male,thin,RANHOLA/WEST,false,1.72,19,07/05/2018
AB-,Anna-maria Etridge,Male,normalmedium,SULTANPURI/OUT DISTRICT,false,1.77,49,30/07/2018
AB+,Bernadina Pittaway,Male,thin,MUNDKA/WEST,false,1.95,34,28/12/2020
A-,Nelle Gliddon,Male,normalmedium,RANHOLA/WEST,true,1.73,4,29/09/2018
AB+,Kynthia Gerard,Male,thin,MODEL TOWN/NORTH WEST,true,1.61,5,25/06/2018
AB-,Elbert Macenzy,Male,normalmedium,KARAWAL NAGAR/NORTH EAST,true,1.74,55,05/01/2020
AB-,Edan de Clerk,Male,thin,NARELA/OUTER DISTRICT,false,1.88,27,10/02/2020
B-,Thomas Matysik,Male,normalmedium,RAJINDER NAGAR,false,1.61,27,07/04/2018
B-,Domenico Heinel,Male,normalmedium,PALAM VILLAGE/SOUTH WEST,false,1.67,2,27/01/2018
AB-,Glenn Denniston,Male,thin,KHAJURI KHAS/NORTH EAST,false,1.77,28,05/06/2021
O+,Regine Skeete,Male,thin,SULTANPURI/OUT DISTRICT,true,1.87,60,28/03/2019
AB+,Anabal Kellitt,Male,normalmedium,MADHU VIHAR/EAST,true,1.87,55,14/07/2020
B-,Martita Muehler,Male,normalmedium,MANGOL PURI/OUTER DISTRICT,true,1.67,74,23/04/2018
B-,Manuel Gorling,Male,thin,JAMA MASJID,false,1.85,66,31/12/2018
O+,Tommie Hully,Male,thin,GANDHI NAGAR/EAST,true,1.73,14,21/03/2018
O-,Margit MacGuigan,Male,normalmedium,TILAK MARG/NEW DELHI,true,1.79,67,03/04/2018
B+,Eolande Rame,Male,thin,MEHRAULI,true,1.69,45,01/02/2021
O-,Bridie Klagges,Male,normalmedium,SAMAIPUR BADLI/OUTER DISTRICT,false,1.62,28,22/12/2021
A+,Ron Lazer,Male,normalmedium,NEW ASHOK NAGAR/EAST,true,1.76,32,20/12/2020
B-,Pris Riseborough,Male,strong,JAFRABAD/NORT EAST,false,1.86,71,06/01/2021
B-,Francisco Sinclaire,Male,normalmedium,JYOTI NAGAR/NORTH EAST,true,1.9,9,13/08/2019
AB+,Vasily Broadfoot,Male,strong,MEHRAULI,true,1.65,61,18/08/2019
B-,Shelagh Goodhew,Male,normalmedium,JAIT PUR/SOUTH- EAST,false,1.84,66,09/12/2021
O-,Jesus Ferebee,Male,normalmedium,PALAM VILLAGE/SOUTH WEST,true,1.66,20,08/04/2020
O-,Katuscha Thurston,Male,strong,RANHOLA/WEST,true,1.67,53,29/09/2018
AB-,Crin Gadney,Male,thin,GHAZIPUR/EAST,true,1.81,32,01/10/2018
A-,Steffen Kauschke,Male,strong,SAFDARJUNG ENCLAVE,true,1.9,5,03/04/2021
AB-,Augusto Pech,Male,thin,GEETA COLONY/EAST,false,1.95,6,28/11/2021
O-,Alexandro Padbery,Male,thin,NEW DELHI RLY. STN./RAILWAYS METRO,true,1.68,86,04/03/2021
A+,Lottie Aldhouse,Male,thin,SHAHDARA/NOR EAST,true,1.95,35,05/06/2019
O+,Devin McGrorty,Male,normalmedium,NAGAF GARH/SOUTH WEST,true,1.7,52,28/08/2020
A+,Der Bullough,Male,normalmedium,KALYANPURI,true,1.62,61,03/11/2020
O+,Catha Bricknell,Male,strong,BHALSWA DAIRY/NORTH WEST,true,1.82,78,29/11/2021
A+,Valentine Corry,Male,strong,KALYANPURI,true,1.73,12,15/12/2019
AB-,Giffy Challenor,Male,normalmedium,PALAM VILLAGE/SOUTH WEST,false,1.95,28,02/11/2020
B-,Vannie Chatfield,Male,thin,BHARAT NAGAR/NORTH WEST,false,1.94,33,10/07/2021
AB+,Pieter Koppeck,Male,thin,AMAN VIHAR/OUTER DISTRICT,true,1.74,67,26/04/2018
A+,Shana Millen,Male,normalmedium,PATEL NAGAR,false,1.63,76,03/06/2020
B+,Cosimo Pidgley,Male,fat,BHARAT NAGAR/NORTH WEST,true,1.91,33,24/12/2021
O+,Mitzi Castellino,Male,normalmedium,GEETA COLONY/EAST,true,1.67,40,23/01/2019
AB-,Alexis Dantesia,Male,normalmedium,MEHRAULI,false,1.92,59,20/11/2021
B-,Mari Axston,Male,thin,ADARSH NAGAR/NORTH WEST,true,1.96,15,30/10/2019
O+,Chaddy Noone,Male,thin,NABI KARIM,false,1.75,48,14/11/2021
B-,Bernice Gwyer,Male,thin,VIJAY VIHAR/OUTER DISTRICT,true,1.77,32,09/05/2021
A-,Orsola Treleaven,Male,normalmedium,KHYALA/WEST,false,1.64,62,05/02/2018
B-,Celestine Harrhy,Male,thin,ADARSH NAGAR/NORTH WEST,false,1.75,7,24/02/2018
B+,Ayn Inskipp,Male,normalmedium,KHAJURI KHAS/NORTH EAST,false,1.87,53,20/10/2018
AB-,Charita McConnell,Male,normalmedium,KARAWAL NAGAR/NORTH EAST,true,1.77,85,18/12/2019
AB+,Blane Atterley,Male,thin,MEHRAULI,false,1.79,84,02/03/2019
B+,Cordie Deek,Male,normalmedium,ASHOK VIHAR/NORTH WEST,false,1.78,27,22/05/2019
B-,Laurella Losebie,Male,thin,NABI KARIM,true,1.63,82,19/07/2020
A-,Brantley Trout,Male,thin,KHYALA/WEST,false,1.64,24,14/11/2020
AB+,Bartie Wroughton,Male,normalmedium,LAJPAT NAGAR/SOUTH- EAST,false,1.87,5,24/09/2020
AB+,Everard Fullegar,Male,normalmedium,MOTI NAGAR/WEST,true,1.82,4,30/07/2021
B+,Rochelle Perrone,Male,fat,KAPASHERA/SOU WEST,true,1.83,1,24/12/2019
B-,Corty Brokenshire,Male,thin,AMAN VIHAR/OUTER DISTRICT,true,1.66,36,26/03/2018
A-,Jozef Janous,Male,thin,SEEMAPURI/NOR EAST,true,1.61,14,28/10/2019
O-,Zacharias Ilden,Male,thin,AMAN VIHAR/OUTER DISTRICT,true,1.77,13,25/09/2021
B-,Amalita Willison,Male,normalmedium,ASHOK VIHAR/NORTH WEST,true,1.94,84,24/09/2021
O-,Brody Spinella,Male,fat,KHAJURI KHAS/NORTH EAST,true,1.64,41,24/03/2018
O-,Livia Castle,Male,normalmedium,KESHAV PURAM/NORTH WEST,false,1.75,32,20/11/2019
B+,Whitman Tainton,Male,strong,NIZAMUDDIN RLY STN/RAILWAYS METRO,true,1.91,37,13/02/2021
B-,Courtney Sea,Male,thin,RANI BAGH/NORTH WEST,true,1.84,82,30/06/2020
A+,Dian Harness,Male,normalmedium,NEW USMANPUR/NOR EAST,true,1.78,32,07/09/2018
A+,Joyous Mc Pake,Male,thin,ANAND PARBAT,true,1.76,70,03/09/2021
AB-,Wake Gorman,Male,thin,NABI KARIM,true,1.65,89,23/08/2020
O-,Prent Delgaty,Male,normalmedium,ROOP NAGAR/NORTH,true,1.79,86,03/12/2018
A-,Hube Wigin,Male,normalmedium,SHAHBAD DAIRY/OUTER DISTRICT,false,1.86,67,23/10/2018
AB-,Dannie Messier,Male,thin,TILAK NAGAR/WEST,false,1.77,33,15/10/2020
A-,Blondie Cow,Male,thin,DWARKA NORTH/SOUTH WEST,true,1.61,16,20/08/2019
A-,Frans Steer,Male,normalmedium,G.T.B. ENCLAVE/NORTH EAST,true,1.93,26,12/06/2019
B+,Fax Tolumello,Male,strong,SHAHBAD DAIRY/OUTER DISTRICT,false,1.95,86,24/05/2018
AB-,Frank Bartolomeoni,Male,normalmedium,MAYA PURI/WEST,true,1.62,54,19/08/2019
AB+,Yasmin Cowins,Male,normalmedium,SARAI ROHILLA/NORTH,false,1.63,65,16/03/2021
AB+,Karl Wolfendale,Male,normalmedium,BHARAT NAGAR/NORTH WEST,true,1.78,82,03/02/2019
B-,Tracey Killik,Male,normalmedium,UTTAM NAGAR/WEST,false,1.89,57,15/06/2019
A-,Mimi Cahn,Male,thin,SADAR BAZAR/NORTH,false,1.84,22,13/07/2021
B+,Lewes Wooler,Male,thin,VASANT KUNJ NORTH/SOUTH,false,1.8,2,05/03/2019
A+,Valdemar Springell,Male,strong,SAGAR PUR/SOUTH WEST,true,1.69,63,17/02/2020
AB-,Myron Bendixen,Male,strong,MOTI NAGAR/WEST,false,1.65,51,26/04/2019
A-,Marga Philp,Male,thin,MEHRAULI,false,1.83,40,30/04/2021
B-,Rossie Piele,Male,normalmedium,SHAHBAD DAIRY/OUTER DISTRICT,true,1.8,54,03/11/2020
O-,Erena Zelley,Male,normalmedium,NABI KARIM,false,1.91,83,28/04/2019
B+,Lewie Fullagar,Male,thin,VASANT KUNJ SOUTH/SOUTH,false,1.62,40,10/12/2018
B-,Ingmar Amiranda,Male,strong,DWARKA NORTH/SOUTH WEST,false,1.66,8,26/01/2018
AB+,Amata Chick,Male,thin,SULTAN PURI/NORTH WEST,false,1.83,88,26/02/2018
A-,Johny Stanman,Male,thin,UTTAM NAGAR/WEST,true,1.89,47,28/01/2018
O-,Vania Batham,Male,thin,KHAJURI KHAS/NORTH EAST,true,1.85,63,13/07/2021
A-,Brent McPhelimy,Male,thin,SHAKARPUR,false,1.61,65,06/10/2021
A-,Peirce Ishchenko,Male,strong,KAPASHERA/SOU WEST,false,1.84,45,04/09/2019
A+,Jakie Masserel,Male,thin,JAIT PUR/SOUTH- EAST,false,1.9,22,21/06/2020
O+,Kelsey Sapsed,Male,normalmedium,KALYANPURI,false,1.95,6,20/10/2019
B+,Rolfe Beazer,Male,thin,NEW ASHOK NAGAR/EAST,true,1.62,25,31/05/2021
A+,Cheston Kellard,Male,thin,OLD DELHI (DELHI MAIN) RLY. STN./RAILWAYS METRO,false,1.76,54,27/05/2018
AB+,Cobbie Dodman,Male,normalmedium,TILAK MARG/NEW DELHI,false,1.7,5,08/11/2019
AB+,Panchito Warrilow,Male,normalmedium,WELCOME/NORT EAST,true,1.82,33,30/03/2021
